"ItemLocationCode","ItemCoordY","ItemCoordX","AccNoFull","ItemNo","Species_Name","ItemStatus","ItemSpecCount","red_oak_t","white_oak_t","intermediate_oaks_t","cerris_oaks_t","Section","limit_names"
"ACAC",-121.7556697,38.53255501,1933.9041,110,"Quercus lobata","Inspected",1,FALSE,TRUE,FALSE,FALSE,"white_oak",TRUE
"ACAC",-121.7555535,38.53261856,1933.9041,111,"Quercus lobata","Inspected",1,FALSE,TRUE,FALSE,FALSE,"white_oak",TRUE
"ACAC",-121.7555711,38.53255837,1933.9041,112,"Quercus lobata","Inspected",1,FALSE,TRUE,FALSE,FALSE,"white_oak",TRUE
"ACAC",-121.7546473,38.53287332,1933.9041,113,"Quercus lobata","Inspected",1,FALSE,TRUE,FALSE,FALSE,"white_oak",TRUE
"ACAC",-121.7540863,38.53279027,1933.9041,114,"Quercus lobata","Inspected",1,FALSE,TRUE,FALSE,FALSE,"white_oak",TRUE
"ACAC",-121.7556781,38.53241508,1933.9041,115,"Quercus lobata","Inspected",1,FALSE,TRUE,FALSE,FALSE,"white_oak",TRUE
"ACAC",-121.7563312,38.53226104,1933.9041,116,"Quercus lobata","Inspected",1,FALSE,TRUE,FALSE,FALSE,"white_oak",TRUE
"ACAC",-121.7564513,38.53197315,1933.9041,117,"Quercus lobata","Inspected",1,FALSE,TRUE,FALSE,FALSE,"white_oak",TRUE
"ACAC",-121.7567391,38.53182383,1933.9041,118,"Quercus lobata","Inspected",1,FALSE,TRUE,FALSE,FALSE,"white_oak",TRUE
"ACAC",-121.7559712,38.5324049,1933.9041,119,"Quercus lobata","Inspected",1,FALSE,TRUE,FALSE,FALSE,"white_oak",TRUE
"ACAC",-121.7560823,38.53217823,1996.0016,3,"Quercus chrysolepis","Inspected",1,FALSE,FALSE,TRUE,FALSE,"intermediate_oak",TRUE
"AHQ",-121.7536862,38.53374602,1933.9041,49,"Quercus lobata","Inspected",1,FALSE,TRUE,FALSE,FALSE,"white_oak",TRUE
"AHQ",-121.7535314,38.53415051,2003.9074,1,"Quercus virginiana","Inspected",1,FALSE,TRUE,FALSE,FALSE,"white_oak",TRUE
"AUST-N",-121.7427941,38.54026205,1933.9041,17,"Quercus lobata","Inspected",1,FALSE,TRUE,FALSE,FALSE,"white_oak",TRUE
"AUST-N",-121.7422164,38.54019514,1968.9032,23,"Quercus agrifolia","Inspected",1,TRUE,FALSE,FALSE,FALSE,"red_oak",TRUE
"AUST-S",-121.7439922,38.53996266,1968.9032,1,"Quercus agrifolia","Inspected",1,TRUE,FALSE,FALSE,FALSE,"red_oak",TRUE
"CHIL",-121.7586282,38.53153288,1933.9041,18,"Quercus lobata","Inspected",1,FALSE,TRUE,FALSE,FALSE,"white_oak",TRUE
"CHIL",-121.7586198,38.5315411,1933.9041,19,"Quercus lobata","Inspected",1,FALSE,TRUE,FALSE,FALSE,"white_oak",TRUE
"CHIL",-121.7585213,38.53160322,1933.9041,20,"Quercus lobata","Inspected",1,FALSE,TRUE,FALSE,FALSE,"white_oak",TRUE
"CHIL",-121.7583942,38.53166804,1933.9041,21,"Quercus lobata","Inspected",1,FALSE,TRUE,FALSE,FALSE,"white_oak",TRUE
"CHIL",-121.7588986,38.5314355,1933.9041,26,"Quercus lobata","Inspected",1,FALSE,TRUE,FALSE,FALSE,"white_oak",TRUE
"CHIL",-121.7588365,38.53148334,1933.9041,28,"Quercus lobata","Inspected",1,FALSE,TRUE,FALSE,FALSE,"white_oak",TRUE
"CHIL",-121.7584624,38.53165115,1933.9041,29,"Quercus lobata","Inspected",1,FALSE,TRUE,FALSE,FALSE,"white_oak",TRUE
"CHIL",-121.758209,38.53175634,1933.9041,30,"Quercus lobata","Inspected",1,FALSE,TRUE,FALSE,FALSE,"white_oak",TRUE
"CHIL",-121.7581917,38.53179145,1933.9041,31,"Quercus lobata","Inspected",1,FALSE,TRUE,FALSE,FALSE,"white_oak",TRUE
"CHIL",-121.7581443,38.53177021,1933.9041,32,"Quercus lobata","Inspected",1,FALSE,TRUE,FALSE,FALSE,"white_oak",TRUE
"CHIL",-121.7580984,38.53179318,1933.9041,33,"Quercus lobata","Inspected",1,FALSE,TRUE,FALSE,FALSE,"white_oak",TRUE
"CHIL",-121.7576837,38.53180796,1968.9032,24,"Quercus agrifolia","Inspected",1,TRUE,FALSE,FALSE,FALSE,"red_oak",TRUE
"CHIL",-121.7580244,38.53174827,1968.9032,25,"Quercus agrifolia","Inspected",1,TRUE,FALSE,FALSE,FALSE,"red_oak",TRUE
"COAS",-121.7468644,38.53915289,1933.9041,36,"Quercus lobata","Inspected",1,FALSE,TRUE,FALSE,FALSE,"white_oak",TRUE
"COAS",-121.7472939,38.53861975,1933.9041,37,"Quercus lobata","Inspected",1,FALSE,TRUE,FALSE,FALSE,"white_oak",TRUE
"COAS",-121.7464248,38.53930872,1933.9041,38,"Quercus lobata","Inspected",1,FALSE,TRUE,FALSE,FALSE,"white_oak",TRUE
"COAS",-121.7464398,38.53941035,1940.0004,1,"Quercus douglasii","Inspected",1,FALSE,TRUE,FALSE,FALSE,"white_oak",TRUE
"COAS",-121.7458902,38.53969335,1940.0005,1,"Quercus engelmannii","Inspected",1,FALSE,TRUE,FALSE,FALSE,"white_oak",TRUE
"COAS",-121.7461224,38.53957935,1956.0012,1,"Quercus douglasii","Inspected",1,FALSE,TRUE,FALSE,FALSE,"white_oak",TRUE
"COMM",-121.7595194,38.52992865,1933.9041,94,"Quercus lobata","Inspected",1,FALSE,TRUE,FALSE,FALSE,"white_oak",TRUE
"COMM",-121.7597594,38.52976632,1933.9041,95,"Quercus lobata","Inspected",1,FALSE,TRUE,FALSE,FALSE,"white_oak",TRUE
"COMM",-121.7597861,38.5297337,1933.9041,96,"Quercus lobata","Inspected",1,FALSE,TRUE,FALSE,FALSE,"white_oak",TRUE
"COMM",-121.7601403,38.52933571,1933.9041,97,"Quercus lobata","Inspected",1,FALSE,TRUE,FALSE,FALSE,"white_oak",TRUE
"COMM",-121.7600733,38.52947892,1933.9041,98,"Quercus lobata","Inspected",1,FALSE,TRUE,FALSE,FALSE,"white_oak",TRUE
"COMM",-121.7596048,38.5297995,1933.9041,99,"Quercus lobata","Inspected",1,FALSE,TRUE,FALSE,FALSE,"white_oak",TRUE
"COMM",-121.7597779,38.52968261,1968.9032,54,"Quercus agrifolia","Inspected",1,TRUE,FALSE,FALSE,FALSE,"red_oak",TRUE
"COMM",-121.7610683,38.52882551,1968.9032,55,"Quercus agrifolia","Inspected",1,TRUE,FALSE,FALSE,FALSE,"red_oak",TRUE
"COMM",-121.7610237,38.52864421,1968.9032,59,"Quercus agrifolia","Inspected",1,TRUE,FALSE,FALSE,FALSE,"red_oak",TRUE
"COMM",-121.760896,38.52869777,1968.9032,60,"Quercus agrifolia","Inspected",1,TRUE,FALSE,FALSE,FALSE,"red_oak",TRUE
"COMM",-121.7610436,38.52874421,1968.9032,61,"Quercus agrifolia","Inspected",1,TRUE,FALSE,FALSE,FALSE,"red_oak",TRUE
"COMM",-121.7610783,38.5288033,1968.9032,62,"Quercus agrifolia","Inspected",1,TRUE,FALSE,FALSE,FALSE,"red_oak",TRUE
"COMM",-121.7603449,38.5293562,1968.9032,63,"Quercus agrifolia","Inspected",1,TRUE,FALSE,FALSE,FALSE,"red_oak",TRUE
"COMM",-121.7603809,38.52927582,1968.9032,64,"Quercus agrifolia","Inspected",1,TRUE,FALSE,FALSE,FALSE,"red_oak",TRUE
"COMM",-121.7604026,38.52924428,1968.9032,65,"Quercus agrifolia","Inspected",1,TRUE,FALSE,FALSE,FALSE,"red_oak",TRUE
"COMM",-121.7598537,38.52980386,1968.9032,66,"Quercus agrifolia","Inspected",1,TRUE,FALSE,FALSE,FALSE,"red_oak",TRUE
"COMM",-121.75953,38.52989545,1968.9032,67,"Quercus agrifolia","Inspected",1,TRUE,FALSE,FALSE,FALSE,"red_oak",TRUE
"COMM",-121.7595829,38.52988238,1968.9032,68,"Quercus agrifolia","Inspected",1,TRUE,FALSE,FALSE,FALSE,"red_oak",TRUE
"COMM",-121.7600794,38.5296187,1996.0016,2,"Quercus chrysolepis","Inspected",1,FALSE,FALSE,TRUE,FALSE,"intermediate_oak",TRUE
"CONI",-121.753777,38.533405,1933.9041,48,"Quercus lobata","Inspected",1,FALSE,TRUE,FALSE,FALSE,"white_oak",TRUE
"COTT",-121.7615354,38.52815979,1933.9041,4,"Quercus lobata","Inspected",1,FALSE,TRUE,FALSE,FALSE,"white_oak",TRUE
"COTT",-121.7618835,38.5278461,1933.9041,5,"Quercus lobata","Inspected",1,FALSE,TRUE,FALSE,FALSE,"white_oak",TRUE
"COTT",-121.7617214,38.52804403,1968.9032,3,"Quercus agrifolia","Inspected",1,TRUE,FALSE,FALSE,FALSE,"red_oak",TRUE
"COTT",-121.7619439,38.52787918,1968.9032,4,"Quercus agrifolia","Inspected",1,TRUE,FALSE,FALSE,FALSE,"red_oak",TRUE
"COTT",-121.7618877,38.5280699,1968.9032,5,"Quercus agrifolia","Inspected",1,TRUE,FALSE,FALSE,FALSE,"red_oak",TRUE
"COTT",-121.7624993,38.52758376,1968.9032,6,"Quercus agrifolia","Inspected",1,TRUE,FALSE,FALSE,FALSE,"red_oak",TRUE
"COTT",-121.7626284,38.52763483,1968.9032,7,"Quercus agrifolia","Inspected",1,TRUE,FALSE,FALSE,FALSE,"red_oak",TRUE
"COTT",-121.7627348,38.52748787,1968.9032,8,"Quercus agrifolia","Inspected",1,TRUE,FALSE,FALSE,FALSE,"red_oak",TRUE
"COTT",-121.762802,38.52705909,1968.9032,9,"Quercus agrifolia","Inspected",1,TRUE,FALSE,FALSE,FALSE,"red_oak",TRUE
"COTT",-121.7628507,38.52702514,1968.9032,10,"Quercus agrifolia","Inspected",1,TRUE,FALSE,FALSE,FALSE,"red_oak",TRUE
"COTT",-121.763005,38.52709438,1968.9032,11,"Quercus agrifolia","Inspected",1,TRUE,FALSE,FALSE,FALSE,"red_oak",TRUE
"COTT",-121.7625073,38.52726718,1968.9032,12,"Quercus agrifolia","Inspected",1,TRUE,FALSE,FALSE,FALSE,"red_oak",TRUE
"COTT",-121.763093,38.52690949,1968.9032,13,"Quercus agrifolia","Inspected",1,TRUE,FALSE,FALSE,FALSE,"red_oak",TRUE
"COTT",-121.7635776,38.5271804,1968.9032,14,"Quercus agrifolia","Inspected",1,TRUE,FALSE,FALSE,FALSE,"red_oak",TRUE
"COTT",-121.7636373,38.52720798,1968.9032,15,"Quercus agrifolia","Inspected",1,TRUE,FALSE,FALSE,FALSE,"red_oak",TRUE
"COTT",-121.7639494,38.52744257,1968.9032,16,"Quercus agrifolia","Inspected",1,TRUE,FALSE,FALSE,FALSE,"red_oak",TRUE
"COTT",-121.7640428,38.5274024,1968.9032,26,"Quercus agrifolia","Inspected",1,TRUE,FALSE,FALSE,FALSE,"red_oak",TRUE
"COTT",-121.7613385,38.52839966,1968.9032,56,"Quercus agrifolia","Inspected",1,TRUE,FALSE,FALSE,FALSE,"red_oak",TRUE
"COTT",-121.7612655,38.52856865,1968.9032,57,"Quercus agrifolia","Inspected",1,TRUE,FALSE,FALSE,FALSE,"red_oak",TRUE
"COTT",-121.761261,38.528494,1968.9032,58,"Quercus agrifolia","Inspected",1,TRUE,FALSE,FALSE,FALSE,"red_oak",TRUE
"COTT",-121.7613085,38.52848198,1968.9032,74,"Quercus agrifolia","Inspected",1,TRUE,FALSE,FALSE,FALSE,"red_oak",TRUE
"DESE",-121.7506336,38.5347517,1933.9041,83,"Quercus lobata","Inspected",1,FALSE,TRUE,FALSE,FALSE,"white_oak",TRUE
"DESE",-121.7509279,38.53476469,1933.9041,89,"Quercus lobata","Inspected",1,FALSE,TRUE,FALSE,FALSE,"white_oak",TRUE
"DESE",-121.7512052,38.53466614,1933.9041,91,"Quercus lobata","Inspected",1,FALSE,TRUE,FALSE,FALSE,"white_oak",TRUE
"DESE",-121.750763,38.53495073,1963.0006,1,"Quercus turbinella","Inspected",1,FALSE,TRUE,FALSE,FALSE,"white_oak",TRUE
"1B",-121.742088,38.540396,2014.0102,1,"Quercus lobata","Planted",1,FALSE,TRUE,FALSE,FALSE,"white_oak",TRUE
"2A",-121.74183,38.540502,2014.0102,2,"Quercus lobata","Planted",2,FALSE,TRUE,FALSE,FALSE,"white_oak",TRUE
"2C",-121.741837,38.540402,2014.0102,3,"Quercus lobata","Planted",1,FALSE,TRUE,FALSE,FALSE,"white_oak",TRUE
"2D",-121.741974,38.540244,2014.0102,4,"Quercus lobata","Planted",1,FALSE,TRUE,FALSE,FALSE,"white_oak",TRUE
"2E",-121.742129,38.539995,2014.0102,5,"Quercus lobata","Planted",1,FALSE,TRUE,FALSE,FALSE,"white_oak",TRUE
"3C",-121.7416716,38.54012857,1933.9041,2,"Quercus lobata","Inspected",1,FALSE,TRUE,FALSE,FALSE,"white_oak",TRUE
"3E",-121.741959,38.539962,2014.0102,6,"Quercus lobata","Planted",2,FALSE,TRUE,FALSE,FALSE,"white_oak",TRUE
"4A",-121.7413715,38.5401441,1933.9041,3,"Quercus lobata","Inspected",1,FALSE,TRUE,FALSE,FALSE,"white_oak",TRUE
"4A",-121.7411593,38.5401568,1968.9032,2,"Quercus agrifolia","Inspected",1,TRUE,FALSE,FALSE,FALSE,"red_oak",TRUE
"4C",-121.7415371,38.54009724,1933.9041,1,"Quercus lobata","Inspected",1,FALSE,TRUE,FALSE,FALSE,"white_oak",TRUE
"4C",-121.741544,38.540042,2014.0102,7,"Quercus lobata","Planted",2,FALSE,TRUE,FALSE,FALSE,"white_oak",TRUE
"5A",-121.741369,38.539875,2013.0752,1,"Quercus douglasii","Planted",3,FALSE,TRUE,FALSE,FALSE,"white_oak",TRUE
"ENTR",-121.7525032,38.53316075,1933.9041,9,"Quercus lobata","Inspected",1,FALSE,TRUE,FALSE,FALSE,"white_oak",TRUE
"ENTR",-121.7531319,38.53291291,1933.9041,10,"Quercus lobata","Inspected",1,FALSE,TRUE,FALSE,FALSE,"white_oak",TRUE
"ENTR",-121.7539835,38.53249295,1933.9041,11,"Quercus lobata","Inspected",1,FALSE,TRUE,FALSE,FALSE,"white_oak",TRUE
"ENTR",-121.7541636,38.53238706,1933.9041,12,"Quercus lobata","Inspected",1,FALSE,TRUE,FALSE,FALSE,"white_oak",TRUE
"ENTR",-121.754627,38.53222467,1933.9041,13,"Quercus lobata","Inspected",1,FALSE,TRUE,FALSE,FALSE,"white_oak",TRUE
"ENTR",-121.7552361,38.53197333,1933.9041,14,"Quercus lobata","Inspected",1,FALSE,TRUE,FALSE,FALSE,"white_oak",TRUE
"ENTR",-121.755708,38.53199712,1996.0016,1,"Quercus chrysolepis","Inspected",1,FALSE,FALSE,TRUE,FALSE,"intermediate_oak",TRUE
"ENTR",-121.752471,38.533231,2006.9018,1,"Quercus lobata","Inspected",1,FALSE,TRUE,FALSE,FALSE,"white_oak",TRUE
"ENTR",-121.7543162,38.53233165,2006.9019,1,"Quercus lobata","Inspected",1,FALSE,TRUE,FALSE,FALSE,"white_oak",TRUE
"ENTR",-121.7538,38.53260239,2006.902,1,"Quercus lobata","Inspected",1,FALSE,TRUE,FALSE,FALSE,"white_oak",TRUE
"ERIC-N",-121.7448941,38.5400992,1933.9041,7,"Quercus lobata","Inspected",1,FALSE,TRUE,FALSE,FALSE,"white_oak",TRUE
"ERIC-N",-121.7454363,38.53992493,1968.9032,17,"Quercus agrifolia","Inspected",1,TRUE,FALSE,FALSE,FALSE,"red_oak",TRUE
"ERIC-N",-121.7455109,38.53987402,1968.9032,18,"Quercus agrifolia","Inspected",1,TRUE,FALSE,FALSE,FALSE,"red_oak",TRUE
"ERIC-N",-121.7455325,38.5399169,1968.9032,19,"Quercus agrifolia","Inspected",1,TRUE,FALSE,FALSE,FALSE,"red_oak",TRUE
"ERIC-N",-121.7453426,38.53993186,1968.9032,20,"Quercus agrifolia","Inspected",1,TRUE,FALSE,FALSE,FALSE,"red_oak",TRUE
"ERIC-N",-121.7455342,38.53972716,1968.9032,21,"Quercus agrifolia","Inspected",1,TRUE,FALSE,FALSE,FALSE,"red_oak",TRUE
"ERIC-N",-121.7454777,38.53970068,1968.9032,22,"Quercus agrifolia","Inspected",1,TRUE,FALSE,FALSE,FALSE,"red_oak",TRUE
"ERIC-S",-121.7449878,38.53960953,1933.9041,8,"Quercus lobata","Inspected",1,FALSE,TRUE,FALSE,FALSE,"white_oak",TRUE
"FOOT",-121.7511246,38.53437496,1933.9041,67,"Quercus lobata","Inspected",1,FALSE,TRUE,FALSE,FALSE,"white_oak",TRUE
"FOOT",-121.7515047,38.53427743,1933.9041,68,"Quercus lobata","Inspected",1,FALSE,TRUE,FALSE,FALSE,"white_oak",TRUE
"FOOT",-121.7491156,38.53526245,1933.9041,69,"Quercus lobata","Inspected",1,FALSE,TRUE,FALSE,FALSE,"white_oak",TRUE
"FOOT",-121.7494244,38.53514221,1933.9041,70,"Quercus lobata","Inspected",1,FALSE,TRUE,FALSE,FALSE,"white_oak",TRUE
"FOOT",-121.7494363,38.53501516,1933.9041,71,"Quercus lobata","Inspected",1,FALSE,TRUE,FALSE,FALSE,"white_oak",TRUE
"FOOT",-121.7497323,38.53487414,1933.9041,72,"Quercus lobata","Inspected",1,FALSE,TRUE,FALSE,FALSE,"white_oak",TRUE
"FOOT",-121.7500279,38.53473007,1933.9041,73,"Quercus lobata","Inspected",1,FALSE,TRUE,FALSE,FALSE,"white_oak",TRUE
"FOOT",-121.7503502,38.53461187,1933.9041,74,"Quercus lobata","Inspected",1,FALSE,TRUE,FALSE,FALSE,"white_oak",TRUE
"FOOT",-121.7505462,38.53462839,1933.9041,75,"Quercus lobata","Inspected",1,FALSE,TRUE,FALSE,FALSE,"white_oak",TRUE
"FOOT",-121.7508637,38.53439796,1933.9041,76,"Quercus lobata","Inspected",1,FALSE,TRUE,FALSE,FALSE,"white_oak",TRUE
"FOOT",-121.75198,38.53408219,1933.9041,78,"Quercus lobata","Inspected",1,FALSE,TRUE,FALSE,FALSE,"white_oak",TRUE
"FOOT",-121.7489113,38.535301,1936.0014,1,"Quercus chrysolepis","Inspected",1,FALSE,FALSE,TRUE,FALSE,"intermediate_oak",TRUE
"FOOT",-121.7489776,38.53524403,1936.0014,2,"Quercus chrysolepis","Inspected",1,FALSE,FALSE,TRUE,FALSE,"intermediate_oak",TRUE
"FOOT",-121.7502798,38.5346757,1940.0005,2,"Quercus engelmannii","Inspected",1,FALSE,TRUE,FALSE,FALSE,"white_oak",TRUE
"FOOT",-121.7504797,38.5345803,1940.0005,3,"Quercus engelmannii","Inspected",1,FALSE,TRUE,FALSE,FALSE,"white_oak",TRUE
"FOOT",-121.751204,38.534319,1940.0052,1,"Quercus chrysolepis","Inspected",1,FALSE,FALSE,TRUE,FALSE,"intermediate_oak",TRUE
"FOOT",-121.7512356,38.53424665,1940.0052,2,"Quercus chrysolepis","Inspected",1,FALSE,FALSE,TRUE,FALSE,"intermediate_oak",TRUE
"FOOT",-121.7508154,38.53446212,1940.0052,3,"Quercus chrysolepis","Inspected",1,FALSE,FALSE,TRUE,FALSE,"intermediate_oak",TRUE
"FOOT",-121.7509076,38.53447797,1940.0052,4,"Quercus chrysolepis","Inspected",1,FALSE,FALSE,TRUE,FALSE,"intermediate_oak",TRUE
"FOOT",-121.7509302,38.53432947,1940.0052,5,"Quercus chrysolepis","Inspected",1,FALSE,FALSE,TRUE,FALSE,"intermediate_oak",TRUE
"FOOT",-121.7513934,38.53422639,1968.9032,49,"Quercus agrifolia","Inspected",1,TRUE,FALSE,FALSE,FALSE,"red_oak",TRUE
"FOOT",-121.7510127,38.5345106,1988.0402,1,"Quercus chrysolepis","Inspected",1,FALSE,FALSE,TRUE,FALSE,"intermediate_oak",TRUE
"FOOT",-121.7506677,38.53450794,1994.0412,1,"Quercus garryana","Inspected",1,FALSE,TRUE,FALSE,FALSE,"white_oak",TRUE
"FOOT",-121.7506779,38.53448215,1994.0412,2,"Quercus garryana","Inspected",1,FALSE,TRUE,FALSE,FALSE,"white_oak",TRUE
"FOOT",-121.7507034,38.53450252,1994.0412,3,"Quercus garryana","Inspected",1,FALSE,TRUE,FALSE,FALSE,"white_oak",TRUE
"FOOT",-121.7501057,38.53465226,2005.8044,1,"Quercus berberidifolia","Inspected",1,FALSE,TRUE,FALSE,FALSE,"white_oak",TRUE
"FOOT",-121.7506874,38.5344569,2005.8044,2,"Quercus berberidifolia","Inspected",1,FALSE,TRUE,FALSE,FALSE,"white_oak",TRUE
"FOOT",-121.7507117,38.53443362,2005.8044,3,"Quercus berberidifolia","Inspected",1,FALSE,TRUE,FALSE,FALSE,"white_oak",TRUE
"FOOT",-121.75074,38.53443395,2005.8044,4,"Quercus berberidifolia","Inspected",1,FALSE,TRUE,FALSE,FALSE,"white_oak",TRUE
"FOOT",-121.7500804,38.53466939,2005.8044,5,"Quercus berberidifolia","Inspected",1,FALSE,TRUE,FALSE,FALSE,"white_oak",TRUE
"FOOT",-121.7509401,38.53439539,2006.9281,1,"Quercus engelmannii","Inspected",1,FALSE,TRUE,FALSE,FALSE,"white_oak",TRUE
"FOOT",-121.751641,38.534075,2021.0267,6,"Quercus lobata","Planted",1,FALSE,TRUE,FALSE,FALSE,"white_oak",TRUE
"10",-121.7621059,38.5293014,1964.0012,3,"Quercus virginiana","Inspected",1,FALSE,TRUE,FALSE,FALSE,"white_oak",TRUE
"10",-121.7620131,38.52927241,1964.1271,1,"Quercus berberidifolia","Inspected",1,FALSE,TRUE,FALSE,FALSE,"white_oak",TRUE
"10",-121.7620212,38.52927211,1964.1271,2,"Quercus berberidifolia","Inspected",1,FALSE,TRUE,FALSE,FALSE,"white_oak",TRUE
"10",-121.762013,38.529281,1964.1271,3,"Quercus berberidifolia","Inspected",1,FALSE,TRUE,FALSE,FALSE,"white_oak",TRUE
"10",-121.7619966,38.52929901,1964.1271,4,"Quercus berberidifolia","Inspected",1,FALSE,TRUE,FALSE,FALSE,"white_oak",TRUE
"10",-121.7619776,38.52932516,1933.9041,120,"Quercus lobata","Inspected",1,FALSE,TRUE,FALSE,FALSE,"white_oak",TRUE
"A",-121.76144,38.531722,2017.0321,1,"Quercus lobata","Planted",1,FALSE,TRUE,FALSE,FALSE,"white_oak",TRUE
"I",-121.760976,38.531966,2017.0321,2,"Quercus lobata","Planted",1,FALSE,TRUE,FALSE,FALSE,"white_oak",TRUE
"KING",-121.7489017,38.53566152,1933.9041,84,"Quercus lobata","Inspected",1,FALSE,TRUE,FALSE,FALSE,"white_oak",TRUE
"KING",-121.748971,38.535651,1933.9041,85,"Quercus lobata","Inspected",1,FALSE,TRUE,FALSE,FALSE,"white_oak",TRUE
"KING",-121.7494417,38.53538617,1933.9041,86,"Quercus lobata","Inspected",1,FALSE,TRUE,FALSE,FALSE,"white_oak",TRUE
"KING",-121.749467,38.53536948,1933.9041,87,"Quercus lobata","Inspected",1,FALSE,TRUE,FALSE,FALSE,"white_oak",TRUE
"KING",-121.749741,38.535229,1933.9041,88,"Quercus lobata","Inspected",1,FALSE,TRUE,FALSE,FALSE,"white_oak",TRUE
"KING",-121.749261,38.535415,1933.9041,92,"Quercus lobata","Inspected",1,FALSE,TRUE,FALSE,FALSE,"white_oak",TRUE
"KING",-121.7494003,38.53540302,1933.9041,93,"Quercus lobata","Inspected",1,FALSE,TRUE,FALSE,FALSE,"white_oak",TRUE
"KING",-121.7495005,38.53548872,1968.9032,50,"Quercus agrifolia","Inspected",1,TRUE,FALSE,FALSE,FALSE,"red_oak",TRUE
"KING",-121.749843,38.535276,1968.9032,51,"Quercus agrifolia","Inspected",1,TRUE,FALSE,FALSE,FALSE,"red_oak",TRUE
"LODG",-121.7574756,38.53176002,1933.9041,22,"Quercus lobata","Inspected",1,FALSE,TRUE,FALSE,FALSE,"white_oak",TRUE
"LODG",-121.7581089,38.5315771,1933.9041,23,"Quercus lobata","Inspected",1,FALSE,TRUE,FALSE,FALSE,"white_oak",TRUE
"LODG",-121.7581209,38.53155055,1933.9041,24,"Quercus lobata","Inspected",1,FALSE,TRUE,FALSE,FALSE,"white_oak",TRUE
"LODG",-121.7582017,38.53152073,1933.9041,25,"Quercus lobata","Inspected",1,FALSE,TRUE,FALSE,FALSE,"white_oak",TRUE
"LODG",-121.7579975,38.53164606,1933.9041,27,"Quercus lobata","Inspected",1,FALSE,TRUE,FALSE,FALSE,"white_oak",TRUE
"LODG",-121.7580619,38.53141884,1933.9041,39,"Quercus lobata","Inspected",1,FALSE,TRUE,FALSE,FALSE,"white_oak",TRUE
"LODG",-121.75732,38.531715,1933.9041,40,"Quercus lobata","Inspected",1,FALSE,TRUE,FALSE,FALSE,"white_oak",TRUE
"LODG",-121.7575116,38.53132735,1933.9041,45,"Quercus lobata","Inspected",1,FALSE,TRUE,FALSE,FALSE,"white_oak",TRUE
"LODG",-121.7571056,38.53153945,1933.9041,46,"Quercus lobata","Inspected",1,FALSE,TRUE,FALSE,FALSE,"white_oak",TRUE
"LODG",-121.758871,38.531198,2003.9047,1,"Quercus lobata","Inspected",1,FALSE,TRUE,FALSE,FALSE,"white_oak",TRUE
"LODG",-121.7597238,38.53018554,2005.8031,1,"Quercus robur","Inspected",1,FALSE,TRUE,FALSE,FALSE,"white_oak",TRUE
"LODG",-121.7588777,38.53102204,2012.0884,1,"Quercus virginiana","Inspected",1,FALSE,TRUE,FALSE,FALSE,"white_oak",TRUE
"LODG",-121.7588674,38.53101136,2012.0884,2,"Quercus virginiana","Inspected",1,FALSE,TRUE,FALSE,FALSE,"white_oak",TRUE
"LODG",-121.7588843,38.53102562,2012.0884,3,"Quercus virginiana","Inspected",1,FALSE,TRUE,FALSE,FALSE,"white_oak",TRUE
"LODG",-121.7588845,38.53101385,2012.0884,4,"Quercus virginiana","Inspected",1,FALSE,TRUE,FALSE,FALSE,"white_oak",TRUE
"LODG",-121.7588926,38.53101804,2012.0885,1,"Quercus virginiana","Inspected",1,FALSE,TRUE,FALSE,FALSE,"white_oak",TRUE
"LODG",-121.7588636,38.53103488,2012.0886,1,"Quercus virginiana","Inspected",1,FALSE,TRUE,FALSE,FALSE,"white_oak",TRUE
"MEDI",-121.7599834,38.53060356,1933.9041,66,"Quercus lobata","Inspected",1,FALSE,TRUE,FALSE,FALSE,"white_oak",TRUE
"MEDI",-121.760737,38.530557,1968.9032,29,"Quercus agrifolia","Inspected",1,TRUE,FALSE,FALSE,FALSE,"red_oak",TRUE
"MEDI",-121.7608555,38.53053937,1968.9032,30,"Quercus agrifolia","Inspected",1,TRUE,FALSE,FALSE,FALSE,"red_oak",TRUE
"MEDI",-121.759889,38.531876,1968.9032,31,"Quercus agrifolia","Inspected",1,TRUE,FALSE,FALSE,FALSE,"red_oak",TRUE
"MEDI",-121.761359,38.530027,1968.9032,33,"Quercus agrifolia","Inspected",1,TRUE,FALSE,FALSE,FALSE,"red_oak",TRUE
"MEDI",-121.761349,38.529967,1968.9032,34,"Quercus agrifolia","Inspected",1,TRUE,FALSE,FALSE,FALSE,"red_oak",TRUE
"MEDI",-121.7601311,38.53137363,1968.9032,36,"Quercus agrifolia","Inspected",1,TRUE,FALSE,FALSE,FALSE,"red_oak",TRUE
"MEDI",-121.7601031,38.5314132,1968.9032,37,"Quercus agrifolia","Inspected",1,TRUE,FALSE,FALSE,FALSE,"red_oak",TRUE
"MEDI",-121.7600502,38.53144687,1968.9032,38,"Quercus agrifolia","Inspected",1,TRUE,FALSE,FALSE,FALSE,"red_oak",TRUE
"MEDI",-121.7600522,38.53149245,1968.9032,39,"Quercus agrifolia","Inspected",1,TRUE,FALSE,FALSE,FALSE,"red_oak",TRUE
"MEDI",-121.7600084,38.53151433,1968.9032,40,"Quercus agrifolia","Inspected",1,TRUE,FALSE,FALSE,FALSE,"red_oak",TRUE
"MEDI",-121.7599992,38.53154644,1968.9032,41,"Quercus agrifolia","Inspected",1,TRUE,FALSE,FALSE,FALSE,"red_oak",TRUE
"MEDI",-121.7610056,38.53040238,1968.9032,42,"Quercus agrifolia","Inspected",1,TRUE,FALSE,FALSE,FALSE,"red_oak",TRUE
"MEDI",-121.7592398,38.53158687,1968.9032,43,"Quercus agrifolia","Inspected",1,TRUE,FALSE,FALSE,FALSE,"red_oak",TRUE
"MEDI",-121.7591752,38.53156477,1968.9032,44,"Quercus agrifolia","Inspected",1,TRUE,FALSE,FALSE,FALSE,"red_oak",TRUE
"MEDI",-121.7591177,38.53159733,1968.9032,45,"Quercus agrifolia","Inspected",1,TRUE,FALSE,FALSE,FALSE,"red_oak",TRUE
"MEDI",-121.7590689,38.53156675,1968.9032,46,"Quercus agrifolia","Inspected",1,TRUE,FALSE,FALSE,FALSE,"red_oak",TRUE
"MEDI",-121.7591444,38.53155619,1968.9032,47,"Quercus agrifolia","Inspected",1,TRUE,FALSE,FALSE,FALSE,"red_oak",TRUE
"MEDI",-121.759093,38.531544,1968.9032,48,"Quercus agrifolia","Inspected",1,TRUE,FALSE,FALSE,FALSE,"red_oak",TRUE
"MEDI",-121.7611043,38.53027188,1968.9033,1,"Quercus suber","Inspected",1,FALSE,FALSE,FALSE,TRUE,"cerris_oak",TRUE
"MEDI",-121.759855,38.531535,1993.0319,1,"Quercus robur","Inspected",1,FALSE,TRUE,FALSE,FALSE,"white_oak",TRUE
"A",-121.7485706,38.53606648,1933.9041,79,"Quercus lobata","Inspected",1,FALSE,TRUE,FALSE,FALSE,"white_oak",TRUE
"A",-121.7485434,38.53603336,1933.9041,80,"Quercus lobata","Inspected",1,FALSE,TRUE,FALSE,FALSE,"white_oak",TRUE
"A",-121.7485388,38.53596964,1933.9041,81,"Quercus lobata","Inspected",1,FALSE,TRUE,FALSE,FALSE,"white_oak",TRUE
"A",-121.748702,38.53606,1933.9041,82,"Quercus lobata","Inspected",1,FALSE,TRUE,FALSE,FALSE,"white_oak",TRUE
"A",-121.7483859,38.53642416,1941.0195,1,"Quercus suber","Inspected",1,FALSE,FALSE,FALSE,TRUE,"cerris_oak",TRUE
"A",-121.748611,38.536271,1941.0195,2,"Quercus suber","Inspected",1,FALSE,FALSE,FALSE,TRUE,"cerris_oak",TRUE
"A",-121.748647,38.53621728,1941.0195,3,"Quercus suber","Inspected",1,FALSE,FALSE,FALSE,TRUE,"cerris_oak",TRUE
"A",-121.748546,38.536343,1941.0195,4,"Quercus suber","Inspected",1,FALSE,FALSE,FALSE,TRUE,"cerris_oak",TRUE
"A",-121.7484961,38.53626885,1941.0195,5,"Quercus suber","Inspected",1,FALSE,FALSE,FALSE,TRUE,"cerris_oak",TRUE
"A",-121.7484298,38.53653506,1941.0195,6,"Quercus suber","Inspected",1,FALSE,FALSE,FALSE,TRUE,"cerris_oak",TRUE
"A",-121.7484956,38.53642674,1941.0195,7,"Quercus suber","Inspected",1,FALSE,FALSE,FALSE,TRUE,"cerris_oak",TRUE
"A",-121.748581,38.536419,1941.0195,8,"Quercus suber","Inspected",1,FALSE,FALSE,FALSE,TRUE,"cerris_oak",TRUE
"A",-121.7484704,38.53632234,1941.0195,9,"Quercus suber","Inspected",1,FALSE,FALSE,FALSE,TRUE,"cerris_oak",TRUE
"A",-121.7485444,38.53645019,2013.0141,1,"Quercus suber","Inspected",1,FALSE,FALSE,FALSE,TRUE,"cerris_oak",TRUE
"MWB",-121.7485412,38.53573109,1933.9041,100,"Quercus lobata","Inspected",1,FALSE,TRUE,FALSE,FALSE,"white_oak",TRUE
"MWB",-121.747996,38.536609,1933.9041,101,"Quercus lobata","Inspected",1,FALSE,TRUE,FALSE,FALSE,"white_oak",TRUE
"MWB",-121.7485004,38.53580688,1933.9041,102,"Quercus lobata","Inspected",1,FALSE,TRUE,FALSE,FALSE,"white_oak",TRUE
"MWB",-121.7483637,38.53601283,1933.9041,103,"Quercus lobata","Inspected",1,FALSE,TRUE,FALSE,FALSE,"white_oak",TRUE
"MWB",-121.7484067,38.53597136,1933.9041,104,"Quercus lobata","Inspected",1,FALSE,TRUE,FALSE,FALSE,"white_oak",TRUE
"MWB",-121.7482435,38.53623995,1933.9041,105,"Quercus lobata","Inspected",1,FALSE,TRUE,FALSE,FALSE,"white_oak",TRUE
"MWB",-121.7477798,38.53670422,1933.9041,106,"Quercus lobata","Inspected",1,FALSE,TRUE,FALSE,FALSE,"white_oak",TRUE
"MWB",-121.7472307,38.5383503,1933.9041,107,"Quercus lobata","Inspected",1,FALSE,TRUE,FALSE,FALSE,"white_oak",TRUE
"MWB",-121.7476954,38.53718253,1933.9041,108,"Quercus lobata","Inspected",1,FALSE,TRUE,FALSE,FALSE,"white_oak",TRUE
"MWB",-121.7475347,38.53737102,1933.9041,109,"Quercus lobata","Inspected",1,FALSE,TRUE,FALSE,FALSE,"white_oak",TRUE
"MWB",-121.7483851,38.53585672,1940.0052,6,"Quercus chrysolepis","Inspected",1,FALSE,FALSE,TRUE,FALSE,"intermediate_oak",TRUE
"MWB",-121.7480913,38.53621665,1956.0012,2,"Quercus douglasii","Inspected",1,FALSE,TRUE,FALSE,FALSE,"white_oak",TRUE
"MWB",-121.7479741,38.53630729,1956.0012,3,"Quercus douglasii","Inspected",1,FALSE,TRUE,FALSE,FALSE,"white_oak",TRUE
"MWB",-121.7475682,38.53761219,1968.9032,70,"Quercus agrifolia","Inspected",1,TRUE,FALSE,FALSE,FALSE,"red_oak",TRUE
"MWB",-121.7475952,38.53758681,1968.9032,71,"Quercus agrifolia","Inspected",1,TRUE,FALSE,FALSE,FALSE,"red_oak",TRUE
"MWB",-121.7476127,38.53755501,1968.9032,72,"Quercus agrifolia","Inspected",1,TRUE,FALSE,FALSE,FALSE,"red_oak",TRUE
"MWB",-121.7478627,38.53683839,1968.9032,73,"Quercus agrifolia","Inspected",1,TRUE,FALSE,FALSE,FALSE,"red_oak",TRUE
"MWB",-121.7473123,38.53806013,1974.011,3,"Quercus lobata","Inspected",1,FALSE,TRUE,FALSE,FALSE,"white_oak",TRUE
"MWB",-121.7471882,38.53790876,1974.011,4,"Quercus lobata","Inspected",1,FALSE,TRUE,FALSE,FALSE,"white_oak",TRUE
"MWB",-121.7473522,38.53805438,1974.011,5,"Quercus lobata","Inspected",1,FALSE,TRUE,FALSE,FALSE,"white_oak",TRUE
"MWB",-121.7477997,38.53652975,1996.0681,1,"Quercus douglasii","Inspected",1,FALSE,TRUE,FALSE,FALSE,"white_oak",TRUE
"MWB",-121.7477014,38.5366003,2006.916,1,"Quercus agrifolia","Inspected",1,TRUE,FALSE,FALSE,FALSE,"red_oak",TRUE
"MWB",-121.7483186,38.53611275,2006.9211,1,"Quercus suber","Inspected",1,FALSE,FALSE,FALSE,TRUE,"cerris_oak",TRUE
"MWB",-121.7477133,38.53662326,2007.0647,1,"Quercus garryana","Inspected",1,FALSE,TRUE,FALSE,FALSE,"white_oak",TRUE
"NE",-121.760484,38.53232,2017.0321,11,"Quercus lobata","Planted",1,FALSE,TRUE,FALSE,FALSE,"white_oak",TRUE
"NE",-121.760653,38.532367,2017.0321,12,"Quercus lobata","Planted",1,FALSE,TRUE,FALSE,FALSE,"white_oak",TRUE
"NE",-121.760491,38.532393,2017.0321,13,"Quercus lobata","Planted",1,FALSE,TRUE,FALSE,FALSE,"white_oak",TRUE
"NE",-121.760468,38.532252,2017.0321,14,"Quercus lobata","Planted",1,FALSE,TRUE,FALSE,FALSE,"white_oak",TRUE
"NW",-121.760873,38.532214,2017.0321,3,"Quercus lobata","Inspected",1,FALSE,TRUE,FALSE,FALSE,"white_oak",TRUE
"NW",-121.760808,38.53227,2017.0321,4,"Quercus lobata","Inspected",1,FALSE,TRUE,FALSE,FALSE,"white_oak",TRUE
"S",-121.760477,38.531591,2017.0321,9,"Quercus lobata","Planted",1,FALSE,TRUE,FALSE,FALSE,"white_oak",TRUE
"S",-121.760584,38.531586,2017.0321,10,"Quercus lobata","Planted",1,FALSE,TRUE,FALSE,FALSE,"white_oak",TRUE
"W",-121.760791,38.532181,2017.0321,5,"Quercus lobata","Planted",1,FALSE,TRUE,FALSE,FALSE,"white_oak",TRUE
"W",-121.760767,38.532136,2017.0321,6,"Quercus lobata","Planted",1,FALSE,TRUE,FALSE,FALSE,"white_oak",TRUE
"W",-121.760721,38.532043,2017.0321,7,"Quercus lobata","Planted",1,FALSE,TRUE,FALSE,FALSE,"white_oak",TRUE
"W",-121.760706,38.531981,2017.0321,8,"Quercus lobata","Planted",1,FALSE,TRUE,FALSE,FALSE,"white_oak",TRUE
"W",-121.760688,38.531644,2017.0321,15,"Quercus lobata","Planted",1,FALSE,TRUE,FALSE,FALSE,"white_oak",TRUE
"REDB",-121.7516169,38.53459373,1933.9041,90,"Quercus lobata","Inspected",1,FALSE,TRUE,FALSE,FALSE,"white_oak",TRUE
"REDB",-121.751998,38.534394,2021.0267,1,"Quercus lobata","Planted",1,FALSE,TRUE,FALSE,FALSE,"white_oak",TRUE
"REDB",-121.75199,38.534358,2021.0267,2,"Quercus lobata","Planted",1,FALSE,TRUE,FALSE,FALSE,"white_oak",TRUE
"REDB",-121.75187,38.534423,2021.0267,3,"Quercus lobata","Planted",1,FALSE,TRUE,FALSE,FALSE,"white_oak",TRUE
"REDB",-121.751831,38.534506,2021.0267,4,"Quercus lobata","Planted",1,FALSE,TRUE,FALSE,FALSE,"white_oak",TRUE
"REDB",-121.751767,38.534503,2021.0267,5,"Quercus lobata","Planted",1,FALSE,TRUE,FALSE,FALSE,"white_oak",TRUE
"REDB",-121.751859,38.534538,2019.0166,1,"Quercus macrocarpa","Planted",1,FALSE,TRUE,FALSE,FALSE,"white_oak",TRUE
"REDB",-121.751859,38.534538,2019.0166,2,"Quercus macrocarpa","Planted",1,FALSE,TRUE,FALSE,FALSE,"white_oak",TRUE
"REDB",-121.751859,38.534538,2019.0166,3,"Quercus macrocarpa","Planted",1,FALSE,TRUE,FALSE,FALSE,"white_oak",TRUE
"SHIEL",-121.764855,38.529473,1963.0004,1,"Quercus gambelii","Inspected",1,FALSE,TRUE,FALSE,FALSE,"white_oak",TRUE
"SHIEL",-121.7648569,38.52944426,1963.0004,2,"Quercus gambelii","Inspected",1,FALSE,TRUE,FALSE,FALSE,"white_oak",TRUE
"SHIEL",-121.7648749,38.5294086,1963.0004,3,"Quercus gambelii","Inspected",1,FALSE,TRUE,FALSE,FALSE,"white_oak",TRUE
"SHIEL",-121.7649004,38.52938266,1963.0004,4,"Quercus gambelii","Inspected",1,FALSE,TRUE,FALSE,FALSE,"white_oak",TRUE
"SHIEL",-121.763167,38.528859,1963.0009,1,"Quercus muehlenbergii","Inspected",1,FALSE,TRUE,FALSE,FALSE,"white_oak",TRUE
"SHIEL",-121.763235,38.52887,1963.0009,2,"Quercus muehlenbergii","Inspected",1,FALSE,TRUE,FALSE,FALSE,"white_oak",TRUE
"SHIEL",-121.763323,38.52884,1963.0009,3,"Quercus muehlenbergii","Inspected",1,FALSE,TRUE,FALSE,FALSE,"white_oak",TRUE
"SHIEL",-121.763378,38.528805,1963.0009,4,"Quercus muehlenbergii","Inspected",1,FALSE,TRUE,FALSE,FALSE,"white_oak",TRUE
"SHIEL",-121.7631984,38.52879074,1963.0009,5,"Quercus muehlenbergii","Inspected",1,FALSE,TRUE,FALSE,FALSE,"white_oak",TRUE
"SHIEL",-121.7638773,38.52946648,1964.0012,1,"Quercus virginiana","Inspected",1,FALSE,TRUE,FALSE,FALSE,"white_oak",TRUE
"SHIEL",-121.763842,38.52946169,1964.0012,2,"Quercus virginiana","Inspected",1,FALSE,TRUE,FALSE,FALSE,"white_oak",TRUE
"SHIEL",-121.763294,38.528343,1964.0368,1,"Quercus macrocarpa","Inspected",1,FALSE,TRUE,FALSE,FALSE,"white_oak",TRUE
"SHIEL",-121.7639433,38.52957668,1964.0371,3,"Quercus robur","Inspected",1,FALSE,TRUE,FALSE,FALSE,"white_oak",TRUE
"SHIEL",-121.7628852,38.52863725,1964.0372,1,"Quercus macrocarpa","Inspected",1,FALSE,TRUE,FALSE,FALSE,"white_oak",TRUE
"SHIEL",-121.76279,38.52862,1964.0372,3,"Quercus macrocarpa","Inspected",1,FALSE,TRUE,FALSE,FALSE,"white_oak",TRUE
"SHIEL",-121.762775,38.528579,1964.0372,4,"Quercus macrocarpa","Inspected",1,FALSE,TRUE,FALSE,FALSE,"white_oak",TRUE
"SHIEL",-121.764114,38.528788,1964.0374,1,"Quercus engelmannii","Inspected",1,FALSE,TRUE,FALSE,FALSE,"white_oak",TRUE
"SHIEL",-121.764072,38.528787,1964.0374,2,"Quercus engelmannii","Inspected",1,FALSE,TRUE,FALSE,FALSE,"white_oak",TRUE
"SHIEL",-121.764094,38.52874,1964.0374,3,"Quercus engelmannii","Inspected",1,FALSE,TRUE,FALSE,FALSE,"white_oak",TRUE
"SHIEL",-121.764049,38.528743,1964.0374,4,"Quercus engelmannii","Inspected",1,FALSE,TRUE,FALSE,FALSE,"white_oak",TRUE
"SHIEL",-121.7640356,38.52868924,1964.0406,1,"Quercus douglasii","Inspected",1,FALSE,TRUE,FALSE,FALSE,"white_oak",TRUE
"SHIEL",-121.7639941,38.52867686,1964.0406,2,"Quercus douglasii","Inspected",1,FALSE,TRUE,FALSE,FALSE,"white_oak",TRUE
"SHIEL",-121.763235,38.529381,1964.0713,1,"Quercus agrifolia","Inspected",1,TRUE,FALSE,FALSE,FALSE,"red_oak",TRUE
"SHIEL",-121.7633636,38.5294462,1964.0713,2,"Quercus agrifolia","Inspected",1,TRUE,FALSE,FALSE,FALSE,"red_oak",TRUE
"SHIEL",-121.7634119,38.52949706,1964.0713,3,"Quercus agrifolia","Inspected",1,TRUE,FALSE,FALSE,FALSE,"red_oak",TRUE
"SHIEL",-121.7632999,38.52954543,1964.0713,4,"Quercus agrifolia","Inspected",1,TRUE,FALSE,FALSE,FALSE,"red_oak",TRUE
"SHIEL",-121.7632425,38.52956975,1964.0713,5,"Quercus agrifolia","Inspected",1,TRUE,FALSE,FALSE,FALSE,"red_oak",TRUE
"SHIEL",-121.7632368,38.52949038,1964.0713,6,"Quercus agrifolia","Inspected",1,TRUE,FALSE,FALSE,FALSE,"red_oak",TRUE
"SHIEL",-121.7649057,38.52929614,1964.1161,1,"Quercus garryana","Inspected",1,FALSE,TRUE,FALSE,FALSE,"white_oak",TRUE
"SHIEL",-121.764907,38.529341,1964.1161,2,"Quercus garryana","Inspected",1,FALSE,TRUE,FALSE,FALSE,"white_oak",TRUE
"SHIEL",-121.7641928,38.52952639,1964.1172,1,"Quercus agrifolia","Inspected",1,TRUE,FALSE,FALSE,FALSE,"red_oak",TRUE
"SHIEL",-121.7642711,38.52954452,1964.1172,2,"Quercus agrifolia","Inspected",1,TRUE,FALSE,FALSE,FALSE,"red_oak",TRUE
"SHIEL",-121.764137,38.52956856,1964.1172,4,"Quercus agrifolia","Inspected",1,TRUE,FALSE,FALSE,FALSE,"red_oak",TRUE
"SHIEL",-121.762978,38.528571,1964.1184,1,"Quercus macrocarpa","Inspected",1,FALSE,TRUE,FALSE,FALSE,"white_oak",TRUE
"SHIEL",-121.763253,38.5285,1964.1184,2,"Quercus macrocarpa","Inspected",1,FALSE,TRUE,FALSE,FALSE,"white_oak",TRUE
"SHIEL",-121.7632923,38.52847534,1964.1184,3,"Quercus macrocarpa","Inspected",1,FALSE,TRUE,FALSE,FALSE,"white_oak",TRUE
"SHIEL",-121.763268,38.528394,1964.1184,4,"Quercus macrocarpa","Inspected",1,FALSE,TRUE,FALSE,FALSE,"white_oak",TRUE
"SHIEL",-121.763376,38.5285,1964.1184,5,"Quercus macrocarpa","Inspected",1,FALSE,TRUE,FALSE,FALSE,"white_oak",TRUE
"SHIEL",-121.7634042,38.52844152,1964.1184,6,"Quercus macrocarpa","Inspected",1,FALSE,TRUE,FALSE,FALSE,"white_oak",TRUE
"SHIEL",-121.763381,38.52837859,1964.1184,7,"Quercus macrocarpa","Inspected",1,FALSE,TRUE,FALSE,FALSE,"white_oak",TRUE
"SHIEL",-121.7629008,38.5281682,1964.127,1,"Quercus lobata","Inspected",1,FALSE,TRUE,FALSE,FALSE,"white_oak",TRUE
"SHIEL",-121.7639534,38.52854774,1964.1274,1,"Quercus douglasii","Inspected",1,FALSE,TRUE,FALSE,FALSE,"white_oak",TRUE
"SHIEL",-121.7643879,38.52948633,1964.128,1,"Quercus suber","Inspected",1,FALSE,FALSE,FALSE,TRUE,"cerris_oak",TRUE
"SHIEL",-121.7627843,38.52824958,1964.1311,1,"Quercus robur","Inspected",1,FALSE,TRUE,FALSE,FALSE,"white_oak",TRUE
"SHIEL",-121.7627282,38.52829889,1964.1311,2,"Quercus robur","Inspected",1,FALSE,TRUE,FALSE,FALSE,"white_oak",TRUE
"SHIEL",-121.7642885,38.52947487,1964.1325,1,"Quercus suber","Inspected",1,FALSE,FALSE,FALSE,TRUE,"cerris_oak",TRUE
"SHIEL",-121.7640563,38.52935513,1964.1325,2,"Quercus suber","Inspected",1,FALSE,FALSE,FALSE,TRUE,"cerris_oak",TRUE
"SHIEL",-121.764158,38.528902,1965.0011,1,"Quercus engelmannii","Inspected",1,FALSE,TRUE,FALSE,FALSE,"white_oak",TRUE
"SHIEL",-121.7642202,38.52882481,1965.0011,2,"Quercus engelmannii","Inspected",1,FALSE,TRUE,FALSE,FALSE,"white_oak",TRUE
"SHIEL",-121.7642384,38.5289092,1965.0011,3,"Quercus engelmannii","Inspected",1,FALSE,TRUE,FALSE,FALSE,"white_oak",TRUE
"SHIEL",-121.7642863,38.52884878,1965.0011,4,"Quercus engelmannii","Inspected",1,FALSE,TRUE,FALSE,FALSE,"white_oak",TRUE
"SHIEL",-121.764584,38.529336,1965.0013,1,"Quercus chrysolepis","Inspected",1,FALSE,FALSE,TRUE,FALSE,"intermediate_oak",TRUE
"SHIEL",-121.764538,38.529331,1965.0013,2,"Quercus chrysolepis","Inspected",1,FALSE,FALSE,TRUE,FALSE,"intermediate_oak",TRUE
"SHIEL",-121.7642345,38.52934249,1965.0014,2,"Quercus agrifolia","Inspected",1,TRUE,FALSE,FALSE,FALSE,"red_oak",TRUE
"SHIEL",-121.7641918,38.52937786,1965.0014,3,"Quercus agrifolia","Inspected",1,TRUE,FALSE,FALSE,FALSE,"red_oak",TRUE
"SHIEL",-121.764143,38.529401,1965.0014,4,"Quercus agrifolia","Inspected",1,TRUE,FALSE,FALSE,FALSE,"red_oak",TRUE
"SHIEL",-121.764083,38.529398,1965.0014,5,"Quercus agrifolia","Inspected",1,TRUE,FALSE,FALSE,FALSE,"red_oak",TRUE
"SHIEL",-121.764303,38.528692,1967.0977,2,"Quercus engelmannii","Inspected",1,FALSE,TRUE,FALSE,FALSE,"white_oak",TRUE
"SHIEL",-121.764962,38.529147,1967.1015,1,"Quercus engelmannii","Inspected",1,FALSE,TRUE,FALSE,FALSE,"white_oak",TRUE
"SHIEL",-121.7655068,38.52964164,1967.1039,1,"Quercus turbinella","Inspected",1,FALSE,TRUE,FALSE,FALSE,"white_oak",TRUE
"SHIEL",-121.765199,38.529399,1967.1042,1,"Quercus turbinella","Inspected",1,FALSE,TRUE,FALSE,FALSE,"white_oak",TRUE
"SHIEL",-121.7655133,38.52930971,1971.0127,1,"Quercus gambelii_macrocarpa","Inspected",1,FALSE,FALSE,FALSE,FALSE,NA,TRUE
"SHIEL",-121.7654607,38.52927445,1971.0127,2,"Quercus gambelii_macrocarpa","Inspected",1,FALSE,FALSE,FALSE,FALSE,NA,TRUE
"SHIEL",-121.7654186,38.52925821,1971.0127,3,"Quercus gambelii_macrocarpa","Inspected",1,FALSE,FALSE,FALSE,FALSE,NA,TRUE
"SHIEL",-121.765259,38.529242,1971.0127,4,"Quercus gambelii_macrocarpa","Inspected",1,FALSE,FALSE,FALSE,FALSE,NA,TRUE
"SHIEL",-121.764915,38.529544,1971.0127,5,"Quercus gambelii_macrocarpa","Inspected",1,FALSE,FALSE,FALSE,FALSE,NA,TRUE
"SHIEL",-121.765175,38.52931448,1971.0127,6,"Quercus gambelii_macrocarpa","Inspected",1,FALSE,FALSE,FALSE,FALSE,NA,TRUE
"SHIEL",-121.7650367,38.52959757,1971.0127,7,"Quercus gambelii_macrocarpa","Inspected",1,FALSE,FALSE,FALSE,FALSE,NA,TRUE
"SHIEL",-121.7650375,38.52957753,1971.0127,8,"Quercus gambelii_macrocarpa","Inspected",1,FALSE,FALSE,FALSE,FALSE,NA,TRUE
"SHIEL",-121.7649933,38.52958988,1971.0127,9,"Quercus gambelii_macrocarpa","Inspected",1,FALSE,FALSE,FALSE,FALSE,NA,TRUE
"SHIEL",-121.7656262,38.52937004,1971.013,1,"Quercus gambelii","Inspected",1,FALSE,TRUE,FALSE,FALSE,"white_oak",TRUE
"SHIEL",-121.7649173,38.52903267,1971.0131,1,"Quercus gambelii","Inspected",1,FALSE,TRUE,FALSE,FALSE,"white_oak",TRUE
"SHIEL",-121.7649188,38.52950864,1971.0132,1,"Quercus garryana","Inspected",1,FALSE,TRUE,FALSE,FALSE,"white_oak",TRUE
"SHIEL",-121.764965,38.529502,1971.0132,2,"Quercus garryana","Inspected",1,FALSE,TRUE,FALSE,FALSE,"white_oak",TRUE
"SHIEL",-121.7650053,38.52950392,1971.0132,3,"Quercus garryana","Inspected",1,FALSE,TRUE,FALSE,FALSE,"white_oak",TRUE
"SHIEL",-121.765044,38.52946,1971.0132,4,"Quercus garryana","Inspected",1,FALSE,TRUE,FALSE,FALSE,"white_oak",TRUE
"SHIEL",-121.7648716,38.52886355,1971.0133,1,"Quercus macrocarpa","Inspected",1,FALSE,TRUE,FALSE,FALSE,"white_oak",TRUE
"SHIEL",-121.764866,38.52890494,1971.0133,2,"Quercus macrocarpa","Inspected",1,FALSE,TRUE,FALSE,FALSE,"white_oak",TRUE
"SHIEL",-121.7649596,38.52893859,1971.0133,3,"Quercus macrocarpa","Inspected",1,FALSE,TRUE,FALSE,FALSE,"white_oak",TRUE
"SHIEL",-121.764918,38.52959,1971.0133,4,"Quercus macrocarpa","Inspected",1,FALSE,TRUE,FALSE,FALSE,"white_oak",TRUE
"SHIEL",-121.764141,38.528749,1971.0137,1,"Quercus robur_turbinella","Inspected",1,FALSE,FALSE,FALSE,FALSE,NA,TRUE
"SHIEL",-121.7647355,38.52883857,1971.0137,2,"Quercus robur_turbinella","Inspected",1,FALSE,FALSE,FALSE,FALSE,NA,TRUE
"SHIEL",-121.764813,38.52885023,1971.0137,3,"Quercus robur_turbinella","Inspected",1,FALSE,FALSE,FALSE,FALSE,NA,TRUE
"SHIEL",-121.7648578,38.52898766,1971.0137,4,"Quercus robur_turbinella","Inspected",1,FALSE,FALSE,FALSE,FALSE,NA,TRUE
"SHIEL",-121.7647638,38.52904078,1971.0137,5,"Quercus robur_turbinella","Inspected",1,FALSE,FALSE,FALSE,FALSE,NA,TRUE
"SHIEL",-121.764747,38.528961,1971.0137,6,"Quercus robur_turbinella","Inspected",1,FALSE,FALSE,FALSE,FALSE,NA,TRUE
"SHIEL",-121.764741,38.528904,1971.0137,7,"Quercus robur_turbinella","Inspected",1,FALSE,FALSE,FALSE,FALSE,NA,TRUE
"SHIEL",-121.7653124,38.52921481,1971.0137,8,"Quercus robur_turbinella","Inspected",1,FALSE,FALSE,FALSE,FALSE,NA,TRUE
"SHIEL",-121.7653241,38.52925876,1971.0137,9,"Quercus robur_turbinella","Inspected",1,FALSE,FALSE,FALSE,FALSE,NA,TRUE
"SHIEL",-121.765244,38.52928359,1971.0137,10,"Quercus robur_turbinella","Inspected",1,FALSE,FALSE,FALSE,FALSE,NA,TRUE
"SHIEL",-121.7651632,38.52875923,1981.0014,1,"Quercus macrocarpa_turbinella","Inspected",1,FALSE,FALSE,FALSE,FALSE,NA,TRUE
"SHIEL",-121.7650847,38.52882685,1981.0014,2,"Quercus macrocarpa_turbinella","Inspected",1,FALSE,FALSE,FALSE,FALSE,NA,TRUE
"SHIEL",-121.7651732,38.52882241,1981.0014,3,"Quercus macrocarpa_turbinella","Inspected",1,FALSE,FALSE,FALSE,FALSE,NA,TRUE
"SHIEL",-121.7651366,38.52889345,1981.0014,4,"Quercus macrocarpa_turbinella","Inspected",1,FALSE,FALSE,FALSE,FALSE,NA,TRUE
"SHIEL",-121.7652236,38.52888374,1981.0014,5,"Quercus macrocarpa_turbinella","Inspected",1,FALSE,FALSE,FALSE,FALSE,NA,TRUE
"SHIEL",-121.7652689,38.52894205,1981.0014,6,"Quercus macrocarpa_turbinella","Inspected",1,FALSE,FALSE,FALSE,FALSE,NA,TRUE
"SHIEL",-121.7653069,38.52888007,1981.0014,7,"Quercus macrocarpa_turbinella","Inspected",1,FALSE,FALSE,FALSE,FALSE,NA,TRUE
"SHIEL",-121.7653463,38.52899795,1981.0014,8,"Quercus macrocarpa_turbinella","Inspected",1,FALSE,FALSE,FALSE,FALSE,NA,TRUE
"SHIEL",-121.765352,38.528933,1981.0014,9,"Quercus macrocarpa_turbinella","Inspected",1,FALSE,FALSE,FALSE,FALSE,NA,TRUE
"SHIEL",-121.7652414,38.52880058,1981.0014,10,"Quercus macrocarpa_turbinella","Inspected",1,FALSE,FALSE,FALSE,FALSE,NA,TRUE
"SHIEL",-121.7653294,38.52882822,1981.0014,11,"Quercus macrocarpa_turbinella","Inspected",1,FALSE,FALSE,FALSE,FALSE,NA,TRUE
"SHIEL",-121.7653834,38.52887171,1981.0014,12,"Quercus macrocarpa_turbinella","Inspected",1,FALSE,FALSE,FALSE,FALSE,NA,TRUE
"SHIEL",-121.7654258,38.5289528,1981.0014,13,"Quercus macrocarpa_turbinella","Inspected",1,FALSE,FALSE,FALSE,FALSE,NA,TRUE
"SHIEL",-121.7655023,38.52897273,1981.0014,14,"Quercus macrocarpa_turbinella","Inspected",1,FALSE,FALSE,FALSE,FALSE,NA,TRUE
"SHIEL",-121.765612,38.52900206,1981.0014,15,"Quercus macrocarpa_turbinella","Inspected",1,FALSE,FALSE,FALSE,FALSE,NA,TRUE
"SHIEL",-121.7655527,38.52905219,1981.0014,16,"Quercus macrocarpa_turbinella","Inspected",1,FALSE,FALSE,FALSE,FALSE,NA,TRUE
"SHIEL",-121.7654976,38.52904722,1981.0014,17,"Quercus macrocarpa_turbinella","Inspected",1,FALSE,FALSE,FALSE,FALSE,NA,TRUE
"SHIEL",-121.7655801,38.52912721,1981.0014,18,"Quercus macrocarpa_turbinella","Inspected",1,FALSE,FALSE,FALSE,FALSE,NA,TRUE
"SHIEL",-121.7655357,38.52914222,1981.0014,19,"Quercus macrocarpa_turbinella","Inspected",1,FALSE,FALSE,FALSE,FALSE,NA,TRUE
"SHIEL",-121.7654869,38.52909846,1981.0014,20,"Quercus macrocarpa_turbinella","Inspected",1,FALSE,FALSE,FALSE,FALSE,NA,TRUE
"SHIEL",-121.7654422,38.52906734,1981.0014,21,"Quercus macrocarpa_turbinella","Inspected",1,FALSE,FALSE,FALSE,FALSE,NA,TRUE
"SHIEL",-121.7626862,38.52810482,1981.0414,1,"Quercus robur","Inspected",1,FALSE,TRUE,FALSE,FALSE,"white_oak",TRUE
"SHIEL",-121.762791,38.528132,1981.0414,2,"Quercus robur","Inspected",1,FALSE,TRUE,FALSE,FALSE,"white_oak",TRUE
"SHIEL",-121.7640077,38.52820715,1996.0005,1,"Quercus douglasii","Inspected",1,FALSE,TRUE,FALSE,FALSE,"white_oak",TRUE
"SHIEL",-121.7633017,38.52866402,1999.0235,1,"Quercus muehlenbergii","Inspected",1,FALSE,TRUE,FALSE,FALSE,"white_oak",TRUE
"SHIEL",-121.7626634,38.52851956,2005.8004,1,"Quercus robur","Inspected",1,FALSE,TRUE,FALSE,FALSE,"white_oak",TRUE
"SHIEL",-121.7637637,38.52958043,2005.8007,1,"Quercus phillyreoides","Inspected",1,FALSE,FALSE,FALSE,FALSE,NA,TRUE
"SHIEL",-121.7638104,38.52952747,2005.8008,1,"Quercus phillyreoides","Inspected",1,FALSE,FALSE,FALSE,FALSE,NA,TRUE
"SHIEL",-121.7637058,38.52952152,2005.8009,1,"Quercus phillyreoides","Inspected",1,FALSE,FALSE,FALSE,FALSE,NA,TRUE
"SHIEL",-121.763743,38.529542,2005.8009,2,"Quercus phillyreoides","Inspected",1,FALSE,FALSE,FALSE,FALSE,NA,TRUE
"SHIEL",-121.7643973,38.52866459,2006.1028,1,"Quercus gambelii","Inspected",1,FALSE,TRUE,FALSE,FALSE,"white_oak",TRUE
"SHIEL",-121.7643751,38.52854053,2006.9002,1,"Quercus gambelii","Inspected",1,FALSE,TRUE,FALSE,FALSE,"white_oak",TRUE
"SHIEL",-121.765579,38.52956,2006.9084,1,"Quercus muehlenbergii","Inspected",1,FALSE,TRUE,FALSE,FALSE,"white_oak",TRUE
"SHIEL",-121.7657976,38.52952361,2006.9084,2,"Quercus muehlenbergii","Inspected",1,FALSE,TRUE,FALSE,FALSE,"white_oak",TRUE
"SHIEL",-121.765771,38.52948,2006.9084,3,"Quercus muehlenbergii","Inspected",1,FALSE,TRUE,FALSE,FALSE,"white_oak",TRUE
"SHIEL",-121.7657167,38.52947731,2006.9084,4,"Quercus muehlenbergii","Inspected",1,FALSE,TRUE,FALSE,FALSE,"white_oak",TRUE
"SHIEL",-121.764647,38.5295282,2009.0941,1,"Quercus berberidifolia","Inspected",1,FALSE,TRUE,FALSE,FALSE,"white_oak",TRUE
"SHIEL",-121.7646035,38.5295411,2009.0941,2,"Quercus berberidifolia","Inspected",1,FALSE,TRUE,FALSE,FALSE,"white_oak",TRUE
"SHIEL",-121.7646361,38.52954492,2009.0941,3,"Quercus berberidifolia","Inspected",1,FALSE,TRUE,FALSE,FALSE,"white_oak",TRUE
"SHIEL",-121.763263,38.529162,2010.0702,1,"Quercus lobata","Inspected",1,FALSE,TRUE,FALSE,FALSE,"white_oak",TRUE
"SHIEL",-121.7646387,38.52885582,2014.0107,1,"Quercus gambelii_macrocarpa","Inspected",1,FALSE,FALSE,FALSE,FALSE,NA,TRUE
"SHIEL",-121.7645544,38.52880815,2014.0108,1,"Quercus gambelii","Inspected",1,FALSE,TRUE,FALSE,FALSE,"white_oak",TRUE
"SHIEL",-121.7644287,38.52874378,2012.0728,2,"Quercus turbinella","Inspected",1,FALSE,TRUE,FALSE,FALSE,"white_oak",TRUE
"SHIEL",-121.763567,38.528775,2011.0146,2,"Quercus virginiana","Inspected",1,FALSE,TRUE,FALSE,FALSE,"white_oak",TRUE
"SHIEL",-121.763583,38.528841,2011.0146,3,"Quercus virginiana","Inspected",1,FALSE,TRUE,FALSE,FALSE,"white_oak",TRUE
"SHIEL",-121.763348,38.529242,2016.0069,1,"Quercus john-tuckeri","Planted",1,FALSE,TRUE,FALSE,FALSE,"white_oak",TRUE
"SHIEL",-121.76333,38.529257,2016.0069,2,"Quercus john-tuckeri","Planted",1,FALSE,TRUE,FALSE,FALSE,"white_oak",TRUE
"SHIEL",-121.763341,38.529275,2016.0069,3,"Quercus john-tuckeri","Planted",1,FALSE,TRUE,FALSE,FALSE,"white_oak",TRUE
"SHIEL",-121.763323,38.529293,2016.0069,4,"Quercus john-tuckeri","Planted",1,FALSE,TRUE,FALSE,FALSE,"white_oak",TRUE
"SHIEL",-121.763298,38.529266,2016.0069,5,"Quercus john-tuckeri","Planted",1,FALSE,TRUE,FALSE,FALSE,"white_oak",TRUE
"SHIEL",-121.763291,38.529289,2016.0069,6,"Quercus john-tuckeri","Planted",1,FALSE,TRUE,FALSE,FALSE,"white_oak",TRUE
"SHIEL",-121.763895,38.529659,2016.0069,8,"Quercus john-tuckeri","Planted",1,FALSE,TRUE,FALSE,FALSE,"white_oak",TRUE
"SHIEL",-121.763874,38.529644,2016.0069,9,"Quercus john-tuckeri","Planted",1,FALSE,TRUE,FALSE,FALSE,"white_oak",TRUE
"SHIEL",-121.763839,38.529643,2016.0069,10,"Quercus john-tuckeri","Planted",1,FALSE,TRUE,FALSE,FALSE,"white_oak",TRUE
"SHIEL",-121.763809,38.529633,2016.0069,11,"Quercus john-tuckeri","Planted",1,FALSE,TRUE,FALSE,FALSE,"white_oak",TRUE
"SHIEL",-121.763763,38.529626,2012.0728,3,"Quercus turbinella","Planted",1,FALSE,TRUE,FALSE,FALSE,"white_oak",TRUE
"SHIEL",-121.763733,38.529612,2012.0728,4,"Quercus turbinella","Planted",1,FALSE,TRUE,FALSE,FALSE,"white_oak",TRUE
"SHIEL",-121.763722,38.529633,2012.0728,5,"Quercus turbinella","Planted",1,FALSE,TRUE,FALSE,FALSE,"white_oak",TRUE
"SHIEL",-121.763698,38.529645,2012.0728,6,"Quercus turbinella","Planted",1,FALSE,TRUE,FALSE,FALSE,"white_oak",TRUE
"SHIEL",-121.763671,38.529633,2012.0728,7,"Quercus turbinella","Planted",1,FALSE,TRUE,FALSE,FALSE,"white_oak",TRUE
"SHIEL",-121.763638,38.52964,2012.0728,8,"Quercus turbinella","Planted",1,FALSE,TRUE,FALSE,FALSE,"white_oak",TRUE
"SHIEL",-121.763606,38.529628,2012.0728,9,"Quercus turbinella","Planted",1,FALSE,TRUE,FALSE,FALSE,"white_oak",TRUE
"SOAF",-121.761078,38.529419,1968.9032,27,"Quercus agrifolia","Inspected",1,TRUE,FALSE,FALSE,FALSE,"red_oak",TRUE
"SOAF",-121.761063,38.529599,1968.9032,28,"Quercus agrifolia","Inspected",1,TRUE,FALSE,FALSE,FALSE,"red_oak",TRUE
"1",-121.762677,38.529599,1964.0371,10,"Quercus robur","Inspected",1,FALSE,TRUE,FALSE,FALSE,"white_oak",TRUE
"19",-121.763022,38.529618,1964.0371,11,"Quercus robur","Inspected",1,FALSE,TRUE,FALSE,FALSE,"white_oak",TRUE
"19",-121.763084,38.529616,1964.0371,12,"Quercus robur","Inspected",1,FALSE,TRUE,FALSE,FALSE,"white_oak",TRUE
"SWUS-MEXI",-121.756522,38.53254955,1933.9041,34,"Quercus lobata","Inspected",1,FALSE,TRUE,FALSE,FALSE,"white_oak",TRUE
"SWUS-MEXI",-121.7562091,38.53266955,1933.9041,35,"Quercus lobata","Inspected",1,FALSE,TRUE,FALSE,FALSE,"white_oak",TRUE
"TEACH",-121.7619224,38.53002177,1977.0021,1,"Quercus phillyreoides","Inspected",1,FALSE,FALSE,FALSE,FALSE,NA,TRUE
"TEACH",-121.7619246,38.52999266,1977.0021,2,"Quercus phillyreoides","Inspected",1,FALSE,FALSE,FALSE,FALSE,NA,TRUE
"TEACH",-121.7619101,38.52995282,1977.0021,3,"Quercus phillyreoides","Inspected",1,FALSE,FALSE,FALSE,FALSE,NA,TRUE
"TEACH",-121.7619014,38.52993687,1977.0021,4,"Quercus phillyreoides","Inspected",1,FALSE,FALSE,FALSE,FALSE,NA,TRUE
"TEACH",-121.7619054,38.52997642,1977.0021,5,"Quercus phillyreoides","Inspected",1,FALSE,FALSE,FALSE,FALSE,NA,TRUE
"TEACH",-121.7619828,38.53003864,1977.0021,6,"Quercus phillyreoides","Inspected",1,FALSE,FALSE,FALSE,FALSE,NA,TRUE
"VALL",-121.7524138,38.53374626,1933.9041,53,"Quercus lobata","Inspected",1,FALSE,TRUE,FALSE,FALSE,"white_oak",TRUE
"VALL",-121.7524804,38.53378792,1933.9041,54,"Quercus lobata","Inspected",1,FALSE,TRUE,FALSE,FALSE,"white_oak",TRUE
"VALL",-121.7532018,38.53330847,1933.9041,55,"Quercus lobata","Inspected",1,FALSE,TRUE,FALSE,FALSE,"white_oak",TRUE
"VALL",-121.7531578,38.5333353,1933.9041,56,"Quercus lobata","Inspected",1,FALSE,TRUE,FALSE,FALSE,"white_oak",TRUE
"VALL",-121.7531222,38.53339781,1933.9041,57,"Quercus lobata","Inspected",1,FALSE,TRUE,FALSE,FALSE,"white_oak",TRUE
"VALL",-121.7530257,38.53339074,1933.9041,58,"Quercus lobata","Inspected",1,FALSE,TRUE,FALSE,FALSE,"white_oak",TRUE
"VALL",-121.7529614,38.53341992,1933.9041,59,"Quercus lobata","Inspected",1,FALSE,TRUE,FALSE,FALSE,"white_oak",TRUE
"VALL",-121.7529345,38.53344257,1933.9041,60,"Quercus lobata","Inspected",1,FALSE,TRUE,FALSE,FALSE,"white_oak",TRUE
"VALL",-121.7525642,38.5336307,1933.9041,61,"Quercus lobata","Inspected",1,FALSE,TRUE,FALSE,FALSE,"white_oak",TRUE
"VALL",-121.7525299,38.53365003,1933.9041,62,"Quercus lobata","Inspected",1,FALSE,TRUE,FALSE,FALSE,"white_oak",TRUE
"VALL",-121.7535696,38.53304028,1933.9041,63,"Quercus lobata","Inspected",1,FALSE,TRUE,FALSE,FALSE,"white_oak",TRUE
"VALL",-121.752878,38.53352201,1933.9041,64,"Quercus lobata","Inspected",1,FALSE,TRUE,FALSE,FALSE,"white_oak",TRUE
"VALL",-121.7528073,38.53354683,1933.9041,65,"Quercus lobata","Inspected",1,FALSE,TRUE,FALSE,FALSE,"white_oak",TRUE
"VALL",-121.7523041,38.53380611,1956.0054,1,"Quercus agrifolia","Inspected",1,TRUE,FALSE,FALSE,FALSE,"red_oak",TRUE
"VALL",-121.7523476,38.5338018,1956.0054,2,"Quercus agrifolia","Inspected",1,TRUE,FALSE,FALSE,FALSE,"red_oak",TRUE
"VALL",-121.7523579,38.53385008,1956.0054,3,"Quercus agrifolia","Inspected",1,TRUE,FALSE,FALSE,FALSE,"red_oak",TRUE
"VALL",-121.7523811,38.53383255,1956.0054,4,"Quercus agrifolia","Inspected",1,TRUE,FALSE,FALSE,FALSE,"red_oak",TRUE
"VALL",-121.7523118,38.53382417,1956.0054,5,"Quercus agrifolia","Inspected",1,TRUE,FALSE,FALSE,FALSE,"red_oak",TRUE
"VALL",-121.752326,38.53387367,1956.0054,6,"Quercus agrifolia","Inspected",1,TRUE,FALSE,FALSE,FALSE,"red_oak",TRUE
"WALN",-121.7571978,38.52996701,1933.9041,15,"Quercus lobata","Inspected",1,FALSE,TRUE,FALSE,FALSE,"white_oak",TRUE
"WALN",-121.7573328,38.52975448,1933.9041,16,"Quercus lobata","Inspected",1,FALSE,TRUE,FALSE,FALSE,"white_oak",TRUE
"WALN",-121.7581382,38.53109114,1933.9041,41,"Quercus lobata","Inspected",1,FALSE,TRUE,FALSE,FALSE,"white_oak",TRUE
"WALN",-121.757977,38.530744,1933.9041,42,"Quercus lobata","Inspected",1,FALSE,TRUE,FALSE,FALSE,"white_oak",TRUE
"WALN",-121.7580559,38.53102424,1933.9041,43,"Quercus lobata","Inspected",1,FALSE,TRUE,FALSE,FALSE,"white_oak",TRUE
"WALN",-121.757803,38.53116997,1933.9041,44,"Quercus lobata","Inspected",1,FALSE,TRUE,FALSE,FALSE,"white_oak",TRUE
"WALN",-121.7573082,38.52977246,2003.9029,1,"Quercus suber","Inspected",1,FALSE,FALSE,FALSE,TRUE,"cerris_oak",TRUE
"YOLO",-121.761697,38.52854016,1933.9041,50,"Quercus lobata","Inspected",1,FALSE,TRUE,FALSE,FALSE,"white_oak",TRUE
"YOLO",-121.761727,38.528734,1974.0008,1,"Quercus_macdonaldii","Inspected",1,FALSE,FALSE,FALSE,FALSE,NA,TRUE
"YOLO",-121.7615789,38.52882412,1974.0008,2,"Quercus_macdonaldii","Inspected",1,FALSE,FALSE,FALSE,FALSE,NA,TRUE
"YOLO",-121.7615443,38.52884656,1974.0008,3,"Quercus_macdonaldii","Inspected",1,FALSE,FALSE,FALSE,FALSE,NA,TRUE
"YOLO",-121.7614849,38.52881706,1974.0008,4,"Quercus_macdonaldii","Inspected",1,FALSE,FALSE,FALSE,FALSE,NA,TRUE
"YOLO",-121.7615381,38.52881305,1974.0008,5,"Quercus_macdonaldii","Inspected",1,FALSE,FALSE,FALSE,FALSE,NA,TRUE
"YOLO",-121.7615661,38.52878208,1974.0008,6,"Quercus_macdonaldii","Inspected",1,FALSE,FALSE,FALSE,FALSE,NA,TRUE
"YOLO",-121.761554,38.52875762,1974.0008,7,"Quercus_macdonaldii","Inspected",1,FALSE,FALSE,FALSE,FALSE,NA,TRUE
"YOLO",-121.7613048,38.52906821,1974.0008,8,"Quercus_macdonaldii","Inspected",1,FALSE,FALSE,FALSE,FALSE,NA,TRUE
"YOLO",-121.7613174,38.52904188,1974.0008,9,"Quercus_macdonaldii","Inspected",1,FALSE,FALSE,FALSE,FALSE,NA,TRUE
"YOLO",-121.7612993,38.52901521,1974.0008,10,"Quercus_macdonaldii","Inspected",1,FALSE,FALSE,FALSE,FALSE,NA,TRUE
"YOLO",-121.7619448,38.52844099,1974.011,1,"Quercus lobata","Inspected",1,FALSE,TRUE,FALSE,FALSE,"white_oak",TRUE
"YOLO",-121.761901,38.52848429,1974.011,2,"Quercus lobata","Inspected",1,FALSE,TRUE,FALSE,FALSE,"white_oak",TRUE
"YOLO",-121.7613341,38.52897738,1976.0022,1,"Quercus turbinella","Inspected",1,FALSE,TRUE,FALSE,FALSE,"white_oak",TRUE
"YOLO",-121.7613273,38.52891476,1976.0022,2,"Quercus turbinella","Inspected",1,FALSE,TRUE,FALSE,FALSE,"white_oak",TRUE
"YOLO",-121.7613034,38.52896194,1976.0022,3,"Quercus turbinella","Inspected",1,FALSE,TRUE,FALSE,FALSE,"white_oak",TRUE
"YOLO",-121.7613099,38.52899106,1976.0022,4,"Quercus turbinella","Inspected",1,FALSE,TRUE,FALSE,FALSE,"white_oak",TRUE
"YOLO",-121.7612929,38.52901144,1976.0022,5,"Quercus turbinella","Inspected",1,FALSE,TRUE,FALSE,FALSE,"white_oak",TRUE
"YOLO",-121.7612861,38.52899266,1976.0022,6,"Quercus turbinella","Inspected",1,FALSE,TRUE,FALSE,FALSE,"white_oak",TRUE
"YOLO",-121.7613144,38.52900233,1976.0022,7,"Quercus turbinella","Inspected",1,FALSE,TRUE,FALSE,FALSE,"white_oak",TRUE
"YOLO",-121.761337,38.529011,1976.0022,8,"Quercus turbinella","Inspected",1,FALSE,TRUE,FALSE,FALSE,"white_oak",TRUE
"YOLO",-121.7618654,38.52845731,1982.9107,1,"Quercus agrifolia","Inspected",1,TRUE,FALSE,FALSE,FALSE,"red_oak",TRUE
"YOLO",-121.7617434,38.52846776,1982.9107,2,"Quercus agrifolia","Inspected",1,TRUE,FALSE,FALSE,FALSE,"red_oak",TRUE
"YOLO",-121.7617388,38.52868441,1982.9107,3,"Quercus agrifolia","Inspected",1,TRUE,FALSE,FALSE,FALSE,"red_oak",TRUE
"YOLO",-121.7616173,38.5287539,1982.9107,4,"Quercus agrifolia","Inspected",1,TRUE,FALSE,FALSE,FALSE,"red_oak",TRUE
"YOLO",-121.7613644,38.52900216,1982.9107,5,"Quercus agrifolia","Inspected",1,TRUE,FALSE,FALSE,FALSE,"red_oak",TRUE
"YOLO",-121.762309,38.528206,2020.0001,1,"Quercus lobata","Planted",1,FALSE,TRUE,FALSE,FALSE,"white_oak",TRUE
"YOLO",-121.762618,38.528012,2020.0001,2,"Quercus lobata","Planted",1,FALSE,TRUE,FALSE,FALSE,"white_oak",TRUE
"YOLO",-121.762459,38.528185,2020.0001,3,"Quercus lobata","Planted",1,FALSE,TRUE,FALSE,FALSE,"white_oak",TRUE
"YOLO",-121.762231,38.528239,2018.1184,1,"Quercus agrifolia","Planted",1,TRUE,FALSE,FALSE,FALSE,"red_oak",TRUE
"YOLO",-121.762172,38.528253,2019.0163,1,"Quercus agrifolia","Planted",1,TRUE,FALSE,FALSE,FALSE,"red_oak",TRUE
