Starhill_Accession_number,Longitude,Latitude,Species_Name,Genus,Species,Subspecific,Parentage,Year_Died,New_Compartment,Old_Compartment,Lot,Year_Outplanted
2003-021,-89.80247014,39.93342368,Quercus alba,Quercus,alba,,Lincoln Vault Oak,,A5,OOA,3,2003
2002-050,-89.79832403,39.93573918,bicolor_macrocarpa,Quercus,schuettei,,bicolor_macrocarpa F2 of 'Kimberly',,F1,FFF,4,2002
2010-125,-89.80202003,39.93258767,Quercus muehlenbergii _laceyi,Quercus,,,muehlenbergii _laceyi ,,A6,OOOA,1,2010
2002-047,-89.79833174,39.93580682,Quercus_alba_macrocarpa,Quercus,bebbiana,,alba_macrocarpa F2,,F1,FFF,1,2002
2008-067,-89.80226667,39.93303333,Quercus_beadlei ,Quercus,beadlei,,alba_michauxii F2,,A6,OOOA,2,2008
2001-015,-89.7985226,39.9358888,Quercus_beadlei ,Quercus,beadlei,,alba_michauxii,,F1,FFF,1,2001
1995-035,-89.80232463,39.93483938,Quercus_bebbiana,Quercus,bebbiana, 'Taco' F2,,,A3,A,1,1995
1995-035,-89.80223989,39.93485715,Quercus_bebbiana,Quercus,bebbiana, 'Taco II',,,A3,A,1,1995
2015-013,-89.80217828,39.93216463,Quercus_bebbiana,Quercus,bebbiana, 'Taco II',,,A7,OOOOA,2,2015
2008-068,-89.80212489,39.93300626,Quercus_bebbiana,Quercus,bebbiana,,alba_macrocarpa,,A6,OOOA,4,2008
2009-148,-89.80208333,39.9328,Quercus_bebbiana,Quercus,bebbiana, 'Taco',,,A6,OOOA,2,2009
2007-025,-89.80201073,39.93335403,Quercus_bebbiana,Quercus,bebbiana,,alba_macrocarpa,,A5,OOA,4,2007
2010-070,-89.80194443,39.93262748,Quercus_bebbiana,Quercus,bebbiana,,alba_macrocarpa,,A6,OOOA,3,2010
1994-013,-89.80101136,39.93403581,Quercus_bebbiana,Quercus,bebbiana, 'Taco',,,B4,OB,1,1994
1900-037,-89.8003,39.93536667,Quercus_bebbiana,Quercus,bebbiana,,alba_macrocarpa,,D3,D,NA,spontaneous
1900-036,-89.79951667,39.9353,Quercus_bebbiana,Quercus,bebbiana,,alba_macrocarpa,,D3,D,NA,spontaneous
1999-048,-89.79849301,39.93566659,Quercus_bebbiana,Quercus,bebbiana, 'Taco' F2,,,F1,FFF,1,1999
2001-059,-89.79843694,39.9358116,Quercus_bebbiana,Quercus,bebbiana, 'Taco' F2,,,F1,FFF,1,2001
1996-044,-89.79843283,39.93565368,Quercus_bebbiana,Quercus,bebbiana, 'Taco' F2,,,F1,FFF,1,1996
2001-016,-89.79842931,39.93572619,Quercus_bebbiana,Quercus,bebbiana, 'Taco' F2,,,F1,FFF,1,2001
2000-047,-89.79840693,39.93558303,Quercus_bebbiana,Quercus,bebbiana,,alba_macrocarpa,,F1,FFF,3,2000
1994-015,-89.79833333,39.93536667,Quercus_bebbiana,Quercus,bebbiana,,alba_macrocarpa F3,,F2,FF,2,1994
1995-036,-89.80220653,39.93484651,Quercus_bimundorum,Quercus,bimundorum,,alba_robur F2,,A2,AA,2,1995
2002-048,-89.80095436,39.9338043,Quercus_bimundorum,Quercus,bimundorum,,alba_robur F2,,B4,OB,2,2002
1981-033,-89.80215649,39.93534775,Quercus_bushii,Quercus,bushii,,marilandica_velutina F2,,A2,AA,1,1981
2013-018,-89.80187251,39.93239908,Quercus_bushii,Quercus,bushii,,marilandica_velutina F2,,A7,OOOOA,2,2013
2021-009,-89.8017,39.93255,Quercus_bushii,Quercus,bushii,,marilandica_velutina,,,,NA,2021
2010-071,-89.80141235,39.93278297,Quercus_calvescens,Quercus,calvescens,,,,B6,OOOB,1,2010
2004-079,-89.8013965,39.93407177,Quercus_carrisoana,Quercus,carrisoana,,canariensis_robur,,B5,OOB,1,2004
2007-026,-89.80119911,39.93339728,Quercus_carrisoana,Quercus,carrisoana,,canariensis_robur,,B5,OOB,1,2007
2004-063,-89.8022652,39.93356139,Quercus_comptoniae,Quercus,comptoniae,,virginiana_lyrata F2,,A5,OOA,1,2004
2009-149,-89.80215,39.93273333,Quercus_comptoniae,Quercus,comptoniae,,virginiana_lyrata F2,,A6,OOOA,2,2009
1994-016,-89.80225858,39.93530047,Quercus_deamii,Quercus,deamii,,macrocarpa_muhlenbergii F2,,A2,AA,4,1994
1995-037,-89.80224668,39.93495698,Quercus_deamii,Quercus,deamii,,macrocarpa_muhlenbergii,,A2,AA,2,1995
2006-075,-89.8021026,39.9334645,Quercus_deamii,Quercus,deamii,,macrocarpa_muhlenbergii F2,,A5,OOA,5,2006
2008-070,-89.80206412,39.93300777,Quercus_deamii,Quercus,deamii,,macrocarpa_muhlenbergii F2,,A6,OOOA,5,2008
2007-027,-89.80198424,39.93339535,Quercus_deamii,Quercus,deamii, 'Champion Seedless',macrocarpa_muhlenbergii,,A5,OOA,1,2007
1999-050,-89.79839511,39.93569534,Quercus_deamii,Quercus,deamii,,macrocarpa_muhlenbergii F2,,F1,FFF,3,1999
2001-018,-89.79834231,39.93566324,Quercus_deamii,Quercus,deamii,,macrocarpa_muhlenbergii F2,,F1,FFF,4,2001
2018-011,-89.80187075,39.93196196,Quercus_egglestonii,Quercus,egglestonii,,F2,,A7,OOOOA,1,2018
2020-012,-89.80174775,39.93190463,Quercus_exacta,Quercus,exacta,,imbricaria_palustris F2,,,,2,
2000-049,-89.8019855,39.93491457,Quercus_faxonii,Quercus,faxonii,,alba_prinoides,,A2,AA,1,2000
2010-074,-89.80215825,39.93258205,Quercus_fernowii,Quercus,fernowii,,alba_stellata F2,,A6,OOOA,1,2010
2010-075,-89.80178509,39.93275044,Quercus_fernowii,Quercus,fernowii,,alba_stellata F2,,A6,OOOA,1,2010
2006-076,-89.80214249,39.93343843,Quercus_guadalupensis,Quercus,guadalupensis,,macrocarpa_stellata F2,,A5,OOA,1,2006
2007-028,-89.8021259,39.93338789,Quercus_guadalupensis,Quercus,guadalupensis,,macrocarpa_stellata F2,,A5,OOA,2,2007
2010-076,-89.80185986,39.93262849,Quercus_guadalupensis,Quercus,guadalupensis,,macrocarpa_stellata,,A6,OOOA,3,2010
2004-065,-89.80235087,39.93351513,Quercus_hawkinsiae,Quercus,hawkinsiae,,rubra_velutina (m),,A5,OOA,1,2004
2001-019,-89.80094388,39.93408283,Quercus_hawkinsiae,Quercus,hawkinsiae,,rubra_velutina (m),,C4,OC,1,2001
1999-051,-89.80087548,39.93397571,Quercus_hawkinsiae,Quercus,hawkinsiae,,rubra_velutina (m),,C4,OC,1,1999
2016-017,-89.80157965,39.93211979,Quercus_haynaldiana,Quercus,haynaldiana, 'Crisnetto',robur_frainetto,,B7,OOOOB,1,2016
2006-077,-89.80145945,39.93371227,Quercus_haynaldiana,Quercus,haynaldiana,,frainetto (f)_robur F1,,B4,OB,1,2006
2015-014,-89.80130062,39.93220864,Quercus_haynaldiana,Quercus,haynaldiana,Crisnetto',robur_frainetto,,B7,OOOOB,1,2015
2010-077,-89.80123574,39.93280526,Quercus_haynaldiana,Quercus,haynaldiana,,frainetto (f)_robur F1,,B6,OOOB,3,2010
2004-066,-89.80108872,39.93335864,Quercus_haynaldiana,Quercus,haynaldiana,,frainetto (f)_robur F1,,B5,OOB,2,2004
2020-027,-89.80181125,39.93186233,Quercus_hessiana,Quercus,hessiana,,alba_lyrata,,,,1,
2005-089,-89.80232086,39.93358268,Quercus_heterophylla,Quercus,heterophylla,,phellos_rubra F2,,A5,OOA,1,2005
2004-067,-89.80220703,39.93352158,Quercus_heterophylla,Quercus,heterophylla,,phellos_rubra F2,,A5,OOA,1,2004
2014-059,-89.80187947,39.93232741,Quercus_heterophylla,Quercus,heterophylla,,phellos_rubra F2,,A7,OOOOA,2,2014
2003-015,-89.8014048,39.93340096,Quercus_hickelii,Quercus,hickelii,,robur_pontica,,B5,OOB,1,2003
2004-068,-89.80138427,39.93344195,Quercus_hickelii,Quercus,hickelii,,robur_pontica,,B5,OOB,1,2004
2018-012,-89.80090667,39.93433119,Quercus_hispanica,Quercus,hispanica,,cerris_suber,,B7,OOOOB,1,2018
1983-029,-89.80231022,39.9351009,Quercus_humidicola,Quercus,humidicola,,lyrata (f)_bicolor F1,,A2,AA,1,1983
2009-150,-89.8021,39.93286667,Quercus_humidicola,Quercus,humidicola,,lyrata (f)_bicolor F2,,A6,OOOA,2,2009
2004-039,-89.80107456,39.93344933,Quercus_humidicola,Quercus,humidicola,,lyrata_ bicolor F2,,B5,OOB,3,2004
2001-020,-89.79845974,39.93587354,Quercus_humidicola,Quercus,humidicola,,lyrata (f)_bicolor F2,,F1,FFF,2,2001
2021-010,-89.8019,39.93236,Quercus_humidicola,Quercus,humidicola,,bicolor_lyrata,,,,NA,2021
2010-078,-89.80207192,39.93261147,Quercus_introgressa,Quercus,introgressa,,(muhlenbergii_prinoides)_bicolor F2,,A6,OOOA,1,2010
2009-151,-89.8019223,39.93297449,Quercus_introgressa,Quercus,introgressa,,(muhlenbergii_prinoides)_bicolor F2,,A6,OOOA,1,2009
2014-060,-89.80174134,39.93239606,Quercus_introgressa,Quercus,introgressa,,(muhlenbergii_prinoides)_bicolor F2,,A7,OOOOA,2,2014
2004-069,-89.80231281,39.93348856,Quercus_jackiana ,Quercus,jackiana,,alba_ bicolor F2,,A5,OOA,2,2004
2018-013,-89.80194259,39.93200228,Quercus_jackiana ,Quercus,jackiana,,,,A7,OOOOA,3,2018
2000-050,-89.79844348,39.93558881,Quercus_jackiana ,Quercus,jackiana,,alba_ bicolor F2,,F1,FFF,2,2000
1998-037,-89.79841649,39.93568579,Quercus_jackiana ,Quercus,jackiana,,alba_ bicolor F2,,F1,FFF,1,1998
2016-015,-89.80179079,39.93213538,Quercus_leana,Quercus,leana,,imbricaria_palustris,,A7,OOOOA,1,2016
2009-152,-89.8017,39.9329,Quercus_libanerris,Quercus,libanerris,,libani_cerris F2,,A6,OOOA,1,2009
2008-071,-89.80166667,39.93295,Quercus_libanerris,Quercus,libanerris,,libani_cerris F2 of 'Rotterdam',,B6,OOOB,1,2008
2020-028,-89.80128895,39.93187193,Quercus_libanerris_cerris,Quercus,libanerris,,libani_cerris,,,,2,
2005-092,-89.80213554,39.93355678,Quercus_mazei,Quercus,mazei,,gambelii_macrocarpa F2,,A5,OOA,3,2005
2005-091,-89.80211576,39.93360305,Quercus_mazei,Quercus,mazei,,gambelii_macrocarpa F2,,A5,OOA,2,2005
2011-044,-89.80194099,39.93250494,Quercus_mazei,Quercus,mazei,,gambelii_macrocarpa F2,,A6,OOOA,4,2011
2000-051,-89.80117824,39.9340566,Quercus_mazei,Quercus,mazei,,gambelii_macrocarpa F2,,B4,OB,1,2000
2017-019,-89.80214023,39.93207185,Quercus_megaleia,Quercus,megaleia,,macrocarpa_lyrata,,A7,OOOOA,3,2017
2015-015,-89.80211844,39.93213572,Quercus_megaleia,Quercus,megaleia,,macrocarpa_lyrata,,A7,OOOOA,1,2015
2017-021,-89.80238339,39.93236303,Quercus palmeri,Quercus,neopalmeri,,shumardii_nigra,,A7,OOOOA,1,2017
2019-010,-89.80186,39.93197,Quercus palmeri,Quercus,neopalmeri,,phellos_shumardii,,A7,OOOOA,1,2019
2003-060,-89.801223,39.93355427,Quercus_pseudodalechampii,Quercus,pseudodalechampii,,dalechampii_robur F2,,B5,OOB,1,2003
2012-014,-89.80208818,39.93239832,Quercus_richardsonii,Quercus,richardsonii,,laceyi_macrocarpa F2,,A7,OOOOA,1,2012
2014-061,-89.80175936,39.93232548,Quercus_richardsonii,Quercus,richardsonii,,laceyi_macrocarpa F2,,A7,OOOOA,1,2014
2008-069,-89.80173333,39.93546667,Quercus_rosacea,Quercus,rosacea , 'Firecracker' ('Columna' F2),petraea 'Muscaviensis'_robur 'Fastigiata' ,,B2,BB,3,2008
2011-042,-89.8014281,39.93264374,Quercus_rosacea,Quercus,rosacea,,F2,,B6,OOOB,4,2011
2013-101,-89.80131503,39.93232699,Quercus_rosacea,Quercus,rosacea,,F2,,B7,OOOOB,4,2013
2000-052,-89.79846502,39.93582878,Quercus_rosacea,Quercus,rosacea,,robur_petraea,,F1,FFF,2,2000
2020-013,-89.80155217,39.93203698,Quercus_rosacea,Quercus,rosacea,Controlled Burn',,,,,1,
2003-017,-89.80113231,39.93417436,Quercus_runcinata,Quercus,runcinata,,imbricaria_rubra F2,,B4,OB,2,2003
2001-021,-89.80103818,39.93383582,Quercus_runcinata,Quercus,runcinata,,imbricaria_rubra F2,,B4,OB,2,2001
2001-022,-89.80105285,39.93384177,Quercus_sargentii,Quercus,sargentii,,robur_montana,,B4,OB,2,2001
2001-061,-89.79831666,39.93563541,Quercus_sargentii_macrocarpa,Quercus,,,,,F1,FFF,1,2001
1982-038,-89.80219857,39.93522319,Quercus_saulii,Quercus,saulii, 'Montalba' or 'Atlas',montana (f)_alba,,A2,AA,1,1982
1996-045,-89.80102234,39.9341804,Quercus_saulii,Quercus,saulii,,montana (f)_alba 'Montalba' or 'Atlas',,B4,OB,1,1996
1994-017,-89.80235389,39.9352884,Quercus_schuettei,Quercus,schuettei,,bicolor_macrocarpa F2,,A2,AA,2,1994
1981-035,-89.80223503,39.93533375,Quercus_schuettei,Quercus,schuettei,,bicolor_macrocarpa,,A2,AA,1,1981
2010-081,-89.80190679,39.93265321,Quercus_schuettei,Quercus,schuettei,,bicolor_macrocarpa F2,,A6,OOOA,6,2010
2017-,-89.8017001,39.93201946,Quercus_schuettei,Quercus,schuettei, 'Silver Shadow',bicolor_macrocarpa,,A7,OOOOA,1,2017
2002-051,-89.79851958,39.9357976,Quercus_schuettei,Quercus,schuettei,,bicolor_macrocarpa,,F1,FFF,3,2002
2002-049,-89.79837768,39.93578218,Quercus_schuettei,Quercus,schuettei,,bicolor_macrocarpa F2,,F1,FFF,2,2002
2003-018,-89.79837458,39.93565268,Quercus_schuettei,Quercus,schuettei,,bicolor_macrocarpa F2,,F1,FFF,5,2003
2004-071,-89.79828279,39.93575745,Quercus_schuettei,Quercus,schuettei,,bicolor_macrocarpa F2,,F1,FFF,2,2004
2020-014,-89.80170112,39.93195253,Quercus_schuettei,Quercus,schuettei,,Kimberly' F2 'Jillian',,,,1,
1994-018,-89.80203847,39.93509478,Quercus_sternbergii,Quercus,sternbergii,,buckleyi_shumardii ,,A2,AA,2,1994
2014-062,-89.80182909,39.9323741,Quercus_sternbergii,Quercus,sternbergii,,buckleyi_shumardii ,,A7,OOOOA,4,2014
2000-053,-89.80085696,39.9340882,Quercus_sternbergii,Quercus,sternbergii,,buckleyi_shumardii ,,C4,OC,2,2000
2011-032,-89.8005449,39.9347792,Quercus_sternbergii,Quercus,sternbergii,,buckleyi_shumardii ,,C3,C,3,2011
2007-029,-89.80181795,39.93339149,Quercus_streamii,Quercus,streamii, 'Lanze',petraea_pubescens,,A5,OOA,1,2007
2005-093,-89.80140715,39.93328664,Quercus_streamii,Quercus,streamii,,petraea_pubescens,,B5,OOB,1,2005
2005-094,-89.80244282,39.93362878,Quercus_substellata,Quercus,substellata,,bicolor_stellata,,A5,OOA,2,2005
2014-063,-89.80236403,39.93288464,Quercus_substellata,Quercus,substellata,,bicolor_stellata,,A6,OOOA,3,2014
2006-078,-89.80218256,39.93322117,Quercus_substellata,Quercus,substellata,,bicolor_stellata,,A5,OOA,2,2006
2012-096,-89.8021689,39.93241098,Quercus_tottenii,Quercus,tottenii,,lyrata_michauxii F2,,A7,OOOOA,1,2012
2020-015,-89.80186633,39.93184448,Quercus_tottenii,Quercus,tottenii,,lyrata_michauxii F2,,,,2,
1994-019,-89.80144,39.935704,Quercus_turneri,Quercus,turneri, 'Pseudoturneri',,,Oak Street,Oak Street,1,1994
2008-073,-89.80208333,39.93298333,Quercus_undulata ,Quercus,undulata,,,,A6,OOOA,3,2008
1999-055,-89.80144,39.935704,Quercus_undulata ,Quercus,undulata,,,,Oak Street,Oak Street,1,1999
2006-079,-89.80144,39.935704,Quercus_undulata ,Quercus,undulata,,,,Oak Street,Oak Street,1,2006
2006-080,-89.80144,39.935704,Quercus_undulata ,Quercus,undulata,,,,Oak Street,Oak Street,1,2006
2018-014,-89.80129056,39.93203404,Quercus_undulata ,Quercus,undulata,Toll Gate Canyon,,,B7,OOOOB,1,2018
2005-095,-89.80069159,39.93523928,Quercus_undulata ,Quercus,undulata,,,,C2,CC,2,2005
2004-072,-89.80145275,39.93354589,Quercus_vilmoriniana ,Quercus,vilmoriniana,,dentata (f)_petraea F2,,B5,OOB,2,2004
2004-073,-89.80124823,39.93411611,Quercus_vilmoriniana ,Quercus,vilmoriniana,,dentata (f)_petraea,,B4,OB,1,2004
2014-064,-89.80187142,39.93552335,Quercus_warei,Quercus,warei,, 'Kindred Spirit' F2,,A1,AAA ,1,2014
2012-070,-89.80185994,39.93553718,Quercus_warei,Quercus,warei, 'Birthday Candle',(robur 'Fastigiata'_bicolor)_alba ,,A1,AAA,2,2012
2010-080,-89.80182541,39.93550197,Quercus_warei,Quercus,warei, 'Windcandle',robur fastigiata (f)_bicolor F2,,A1,AAA,2,2010
2013-019,-89.80164872,39.93545696,Quercus_warei,Quercus,warei, 'Riverbank',robur fastigiata_bicolor,,B2,BB,1,2013
2001-024,-89.80136667,39.93536667,Quercus_warei,Quercus,warei, 'Birthday Candle',(robur 'Fastigiata'_bicolor)_alba ,,B2,BB,1,2001
1995-039,-89.80131667,39.93536667,Quercus_warei,Quercus,warei, 'Windcandle',robur fastigiata (f)_bicolor F2,,B2,BB,1,1995
1998-038,-89.8013,39.93536667,Quercus_warei,Quercus,warei, 'Long' TM-Regal Prince,robur fastigiata (f)_bicolor F2,,B2,BB,1,1998
2001-025,-89.80115,39.93546667,Quercus_warei,Quercus,warei, 'Chimney Fire',(robur 'Fastigiata'_bicolor)_alba ,,B2,BB,1,2001
1993-014,-89.80089242,39.93526812,Quercus_warei,Quercus,warei, 'Nadler' TM-Kindred Spirit,robur fastigiata_bicolor,,C2,CC,1,1993
2017-022,-89.80223461,39.93248818,Quercus acerifolia,Quercus,acerifolia,,( ellipsoidalis?),,A6,OOOA,3,2017
2001-026,-89.80032647,39.93604177,Quercus acerifolia,Quercus,acerifolia,,,,C1,CCC,1,2001
2011-078,-89.80144,39.935704,Quercus acutifolia,Quercus,acutifolia,,,,Oak Street,Oak Street,1,2011
2011-079,-89.80144,39.935704,Quercus acutifolia,Quercus,acutifolia,,,,Oak Street,Oak Street,2,2011
2016-091,-89.80144,39.935704,Quercus acutifolia,Quercus,acutifolia,,,,Oak Street,Oak Street,2,2016
2016-092,-89.80144,39.935704,Quercus acutissima,Quercus,acutissima,,,,Oak Street,Oak Street,3,2016
2018-015,-89.80125954,39.93196204,Quercus acutissima,Quercus,acutissima,,,,B7,OOOOB,4,2018
2010-083,-89.80238255,39.93295236,Quercus alba,Quercus,alba, 'Gatton Grave',,,A6,OOOA,1,2010
2006-042,-89.80236663,39.93308555,Quercus alba,Quercus,alba,,Wye Oak F2,,A5,OOA,4,2006
2012-066,-89.80226839,39.93240788,Quercus alba,Quercus,alba, 'Gatton Grave',,,A7,OOOOA,1,2012
1900-039,-89.80223235,39.93537641,Quercus alba,Quercus,alba,,,,A2,AA,9,spontaneous
2007-031,-89.8022041,39.93309134,Quercus alba,Quercus,alba,, 'Late Nut' F2,,A5,OOA,5,2007
2007-030,-89.80212774,39.93286452,Quercus alba,Quercus,alba,, 'Late Nut' F2,,A6,OOOA,5,2007
2009-156,-89.80206667,39.93291667,Quercus alba,Quercus,alba,Gudgel Oak,,,A6,OOOA,6,2009
2016-019,-89.80196949,39.93212147,Quercus alba,Quercus,alba, 'Pathfinder',,,A7,OOOOA,1,2016
2009-158,-89.80195818,39.93286628,Quercus alba,Quercus,alba,,,,A6,OOOA,7,2009
2019-011,-89.80195,39.93196,Quercus alba,Quercus,alba,Pathfinder',,,A7,OOOOA,2,2019
2014-065,-89.80173094,39.93272874,Quercus alba,Quercus,alba," ""Golf Course""",,,A6,OOOA,10,2014
2014-066,-89.80168124,39.93267828,Quercus alba,Quercus,alba, 'Gatton Grave',,,B6,OOOB,1,2014
1992-022,-89.80161033,39.93477182,Quercus alba,Quercus,alba,,,,B3,B,1,1992
2002-020,-89.80126088,39.93393003,Quercus alba,Quercus,alba, 'Jasper',,,B4,OB,1,2002
2002-021,-89.80121931,39.9341519,Quercus alba,Quercus,alba,,Lincoln Vault Oak,,B4,OB,3,2002
1995-015,-89.80225531,39.93492069,Quercus aliena,Quercus,aliena,,,,A2,AA,1,1995
2006-043,-89.80153464,39.93316988,Quercus aliena,Quercus,aliena,,,,B5,OOB,2,2006
2007-032,-89.8013789,39.9331993,Quercus aliena,Quercus,aliena,,,,B5,OOB,2,2007
2018-016,-89.80122526,39.93204494,Quercus aliena,Quercus,aliena,,,,B7,OOOOB,3,2018
2000-017,-89.80115896,39.93412944,Quercus aliena,Quercus,aliena,,,,B4,OB,1,2000
1996-019,-89.80144,39.935704,Quercus arizonica,Quercus,arizonica,,,,Oak Street,Oak Street,1,1996
2000-018,-89.80117824,39.9340566,Quercus arkansana,Quercus,arkansana,,,,B4,OB,1,2000
2010-085,-89.80076719,39.93460125,Quercus arkansana,Quercus,arkansana,,,,C3,C,3,2010
2001-028,-89.80028515,39.93594093,Quercus arkansana,Quercus,arkansana,,,,C1,CCC,2,2001
2002-022,-89.80008968,39.93611075,Quercus arkansana,Quercus,arkansana,,,,D1,DDD,2,2002
2006-044,-89.80229957,39.93325395,Quercus austrina,Quercus,austrina,,,,A5,OOA,1,2006
2005-048,-89.80229102,39.93321581,Quercus austrina,Quercus,austrina,,,,A5,OOA,1,2005
2009-159,-89.80224308,39.93264198,Quercus austrina,Quercus,austrina,,,,A6,OOOA,2,2009
2005-049,-89.80224056,39.93315856,Quercus austrina,Quercus,austrina,,,,A5,OOA,1,2005
2010-087,-89.80150622,39.93275682,Quercus baronii,Quercus,baronii,,,2011,,OOOB,1,2010
2013-082,-89.80144,39.935704,Quercus baronii,Quercus,baronii,,,,Oak Street,Oak Street,2,2013
1982-027,-89.80233343,39.9351299,Quercus bicolor,Quercus,bicolor,,,,A2,AA,1,1982
1992-023,-89.80230988,39.93502622,Quercus bicolor,Quercus,bicolor,,,,A2,AA,2,1992
2000-019,-89.79825337,39.93596331,Quercus bicolor,Quercus,bicolor,,,,F1,FFF,3,2000
1997-045,-89.79849695,39.93571789,Quercus bicolor_muehlenbergii,Quercus,,,bicolor_muehlenbergii F2,,F1,FFF,1,1997
1998-039,-89.7984501,39.93575301,Quercus bicolor_muehlenbergii,Quercus,,,bicolor_muehlenbergii F2,,F1,FFF,2,1998
2000-055,-89.79841506,39.93578243,Quercus bicolor_muehlenbergii,Quercus,,,bicolor_muehlenbergii F2,,F1,FFF,3,2000
2005-050,-89.80235288,39.93327306,Quercus boyntonii,Quercus,boyntonii,,,,A5,OOA,1,2005
2006-045,-89.80111672,39.93548119,Quercus boyntonii,Quercus,boyntonii,,,,Oak Street,Oak Street,1,2006
2016-093,-89.80144,39.935704,Quercus brantii,Quercus,brantii,,,,Oak Street,Oak Street,3,2016
2017-073,-89.80144,39.935704,Quercus brantii,Quercus,brantii,,,,Oak Street,Oak Street,4,2017
2017-023,-89.80226998,39.9322135,Quercus buckleyi,Quercus,buckleyi,,,,A7,OOOOA,5,2017
2011-029,-89.80176631,39.93263913,Quercus buckleyi,Quercus,buckleyi,,,,A6,OOOA,4,2011
1997-034,-89.80085956,39.93414729,Quercus buckleyi,Quercus,buckleyi,,,,C4,OC,1,2000
2000-021,-89.80056667,39.93483333,Quercus buckleyi,Quercus,buckleyi,,,,C3,C,1,2000
2001-029,-89.80023393,39.93596516,Quercus buckleyi,Quercus,buckleyi,,,,C1,CCC,3,2001
1994-022,-89.80144,39.935704,Quercus calliprinos,Quercus,calliprinos,,,,Oak Street,Oak Street,1,1994
2006-046,-89.80163723,39.93329334,Quercus canariensis,Quercus,canariensis,,,,B5,OOB,2,2006
1999-018,-89.80144,39.935704,Quercus canariensis,Quercus,canariensis,,,,Oak Street,Oak Street,2,1999
2001-032,-89.80144,39.935704,Quercus canariensis,Quercus,canariensis,,,,Oak Street,Oak Street,4,2001
1991-019,-89.80144,39.935704,Quercus canbyi,Quercus,canbyi,,,,Oak Street,Oak Street,2,1991
1999-020,-89.80144,39.935704,Quercus canbyi,Quercus,canbyi,,,,Oak Street,Oak Street,4,1999
2000-022,-89.80144,39.935704,Quercus canbyi,Quercus,canbyi,,,,Oak Street,Oak Street,3,2000
2006-047,-89.80068647,39.93519561,Quercus canbyi,Quercus,canbyi,,,,C2,CC,1,2006
2004-032,-89.80171116,39.93341479,Quercus castaneifolia,Quercus,castaneifolia,,,,B5,OOB,3,2004
2005-051,-89.80168853,39.93346903,Quercus castaneifolia,Quercus,castaneifolia,,,,B5,OOB,3,2005
2006-048,-89.80164117,39.93322712,Quercus castaneifolia,Quercus,castaneifolia,,Kew F2,,B5,OOB,4,2006
2016-020,-89.80155786,39.93217654,Quercus castaneifolia,Quercus,castaneifolia,,,,B7,OOOOB,6,2016
2015-083,-89.80151159,39.93217411,Quercus castaneifolia,Quercus,castaneifolia,, cerris?,,B7,OOOOB,5,2015
2000-023,-89.80093315,39.93397353,Quercus castaneifolia,Quercus,castaneifolia,, 'Greenspire' F2,,B4,OB,1,2000
2004-034,-89.80154403,39.93352669,Quercus cerris,Quercus,cerris,,,,B5,OOB,5,2004
2007-033,-89.80153975,39.93338244,Quercus cerris,Quercus,cerris,, 'Wodan' F2,,B5,OOB,1,2007
2005-053,-89.80145333,39.93341245,Quercus cerris,Quercus,cerris,,,,B5,OOB,7,2005
2003-023,-89.80130296,39.9335546,Quercus cerris,Quercus,cerris,,,,B5,OOB,5,2003
2018-017,-89.80128419,39.93197864,Quercus cerris,Quercus,cerris,,,,B7,OOOOB,9,2018
2001-033,-89.80091773,39.93389013,Quercus cerris,Quercus,cerris,,,,B4,OB,4,2001
1995-016,-89.80144,39.935704,Quercus chapmanii,Quercus,chapmanii,,,,Oak Street,Oak Street,1,1995
1982-028,-89.80221525,39.93510056,Quercus chenii,Quercus,chenii,,,,A2,AA,1,1982
2017-075,-89.80144,39.935704,Quercus coccifera,Quercus,coccifera,calliprinos,,,Oak Street,Oak Street,1,2017
2003-024,-89.80034659,39.93506989,Quercus coccinea,Quercus,coccinea,,,,C2,CC,2,2003
2001-035,-89.80020158,39.93600707,Quercus coccinea,Quercus,coccinea,,,,D1,DDD,1,2001
2002-023,-89.80016629,39.93601386,Quercus coccinea,Quercus,coccinea,,,,D1,DDD,5,2002
2011-085,-89.80144,39.935704,Quercus corrugata,Quercus,corrugata,,,,Oak Street,Oak Street,1,2011
2011-086,-89.80144,39.935704,Quercus corrugata,Quercus,corrugata,,,,Oak Street,Oak Street,1,2011
2011-087,-89.80144,39.935704,Quercus corrugata,Quercus,corrugata,,,,Oak Street,Oak Street,1,2011
2014-112,-89.80144,39.935704,Quercus crassipes,Quercus,crassipes,,,,Oak Street,Oak Street,1,2014
2003-025,-89.80145233,39.93348939,Quercus crispula,Quercus,crispula,,,,B5,OOB,3,2003
2002-024,-89.80130682,39.9338478,Quercus crispula,Quercus,crispula,,,,B4,OB,2,2002
2006-049,-89.80175081,39.93332947,Quercus dalechampii,Quercus,dalechampii,,,,B5,OOB,1,2006
1982-029,-89.80209212,39.93509763,Quercus dentata,Quercus,dentata,,,,A2,AA,1,1982
2014-113,-89.80134361,39.93302068,Quercus dentata,Quercus,dentata, 'Pinnatifida',,,B6,OOOB,3,2014
2015-016,-89.80129885,39.93261307,Quercus dentata,Quercus,dentata,,,,B6,OOOB,4,2015
1997-035,-89.80107615,39.93412298,Quercus dentata,Quercus,dentata,,,,B4,OB,3,1997
1995-017,-89.80077473,39.93441794,Quercus dentata,Quercus,dentata, 'Pinnatifida',,,C3,C,1,1995
2020-017,-89.80154607,39.93201108,Quercus dentata,Quercus,dentata,,,,,,5,
1994-025,-89.80239722,39.93525093,Quercus ellipsoidalis,Quercus,ellipsoidalis,,,,A2,AA,1,1994
2009-161,-89.80225,39.93283333,Quercus ellipsoidalis,Quercus,ellipsoidalis,,,,A6,OOOA,5,2009
2010-092,-89.8017876,39.93267358,Quercus ellipsoidalis,Quercus,ellipsoidalis,,,,A6,OOOA,7,2010
2003-026,-89.80026687,39.93505455,Quercus ellipsoidalis,Quercus,ellipsoidalis,,,,C2,CC,4,2003
2001-038,-89.80024039,39.93604084,Quercus ellipsoidalis,Quercus,ellipsoidalis,,,,D1,DDD,2,2001
1982-030,-89.80217376,39.93509168,Quercus fabrei,Quercus,fabrei,,,,A2,AA,1,1982
1999-026,-89.80144,39.935704,Quercus fabrei,Quercus,fabrei,,,,Oak Street,Oak Street,2,1999
1995-018,-89.80235749,39.93495287,Quercus faginea,Quercus,faginea,faginea,,,A2,AA,1,1995
2013-089,-89.80144,39.935704,Quercus faginea,Quercus,faginea,alpestris,,,Oak Street,Oak Street,1,2013
2013-090,-89.80144,39.935704,Quercus faginea,Quercus,faginea,alpestris,,,Oak Street,Oak Street,1,2013
1998-026,-89.80144,39.935704,Quercus faginea,Quercus,faginea,faginea,,,Oak Street,Oak Street,3,1998
2015-017,-89.80137739,39.93258088,Quercus faginea,Quercus,faginea,alpestris,,,B6,OOOB,2,2015
2012-051,-89.8013582,39.93241508,Quercus faginea,Quercus,faginea,faginea,F2,,B7,OOOOB,6,2012
1994-026,-89.80232907,39.93530349,Quercus falcata,Quercus,falcata,,,,A2,AA,4,1994
2010-093,-89.80194259,39.93282613,Quercus falcata,Quercus,falcata,,,,A6,OOOA,6,2010
2002-026,-89.80091496,39.93385459,Quercus falcata,Quercus,falcata,,,,B4,OB,5,2002
1982-031,-89.80237618,39.93516385,Quercus frainetto,Quercus,frainetto,,,,A2,AA,1,1982
2005-107,-89.8013333,39.93367916,Quercus frainetto,Quercus,frainetto,,,,B4,OB,3,2005
2018-018,-89.80128796,39.93207109,Quercus frainetto,Quercus,frainetto,,,,B7,OOOOB,4,2018
2020-018,-89.80143738,39.93192077,Quercus frainetto,Quercus,frainetto,,,,,,4,
2005-108,-89.80144,39.935704,Quercus fusiformis,Quercus,fusiformis,,,,Oak Street,Oak Street,2,2005
2002-027,-89.80125,39.93538333,Quercus fusiformis,Quercus,fusiformis,,,,Oak Street,Oak Street,1,2002
2008-044,-89.80198333,39.93303333,Quercus gambelii,Quercus,gambelii,,,,A6,OOOA,11,2008
2008-043,-89.80196667,39.93301667,Quercus gambelii,Quercus,gambelii,,,,A6,OOOA,12,2008
2015-018,-89.80193772,39.93224921,Quercus gambelii,Quercus,gambelii,,,,A7,OOOOA,15,2015
2019-063,-89.80144,39.9357,Quercus geminata,Quercus,geminata,,,,Oak Street,Oak Street,3,2019
1994-029,-89.80209421,39.9348279,Quercus georgiana,Quercus,georgiana,,,,A3,A,2,1994
1994-030,-89.80204962,39.93484743,Quercus georgiana,Quercus,georgiana,,,,A3,A,1,1994
2006-081,-89.80234869,39.9332283,Quercus georgiana_coccinea,Quercus,,,georgiana (f)_coccinea F1,,A5,OOA,1,2006
2006-051,-89.80144,39.935704,Quercus germana,Quercus,germana,,,,Oak Street,Oak Street,1,2006
2011-091,-89.80144,39.935704,Quercus germana,Quercus,germana,,,,Oak Street,Oak Street,2,2011
2018-055,-89.80144,39.935704,Quercus glauca,Quercus,glauca,,,,Oak Street,Oak Street,3,2018
2018-056,-89.80144,39.935704,Quercus glauca,Quercus,glauca,,,,Oak Street,Oak Street,3,2018
2016-099,89.801436,39.935728,Quercus glauca,Quercus,glauca,annelata,,,Oak Street,Oak Street,1,2016
1996-021,-89.80144,39.935704,Quercus graciliformis,Quercus,graciliformis,,,,Oak Street,Oak Street,1,1996
2016-100,-89.801436,39.935728,Quercus graciliformis,Quercus,graciliformis,,,,Oak Street,Oak Street,2,2016
2016-101,-89.801436,39.935728,Quercus graciliformis,Quercus,graciliformis,,,,Oak Street,Oak Street,3,2016
2000-026,-89.80144,39.935704,Quercus gravesii,Quercus,gravesii,,,,Oak Street,Oak Street,3,2000
2006-052,-89.80144,39.935704,Quercus gravesii,Quercus,gravesii,,,,Oak Street,Oak Street,2,2006
2005-057,-89.80069536,39.93519218,Quercus gravesii,Quercus,gravesii,,,,C2,CC,1,2005
2009-165,-89.80020359,39.93480485,Quercus gravesii,Quercus,gravesii,,,,C3,C,2,2009
1999-028,-89.80144,39.935704,Quercus griffithii,Quercus,griffithii,,,,Oak Street,Oak Street,2,1999
2006-054,-89.80144,39.935704,Quercus griffithii,Quercus,griffithii,,,,Oak Street,Oak Street,1,2006
1992-026,-89.80144,39.935704,Quercus grisea,Quercus,grisea,,,,Oak Street,Oak Street,2,1992
2013-092,-89.80144,39.935704,Quercus grisea,Quercus,grisea,,,,Oak Street,Oak Street,3,2013
2009-166,-89.80153333,39.93283333,Quercus haas,Quercus,haas,,,,B6,OOOB,2,2009
2008-045,-89.80141667,39.93298333,Quercus haas,Quercus,haas,,,,B6,OOOB,2,2008
2010-095,-89.80135778,39.9328118,Quercus haas,Quercus,haas,,,,B6,OOOB,2,2010
2004-036,-89.8012722,39.93326065,Quercus haas,Quercus,haas,,,,B5,OOB,1,2004
2007-035,-89.80122568,39.93334657,Quercus haas,Quercus,haas,,,,B5,OOB,2,2007
2004-037,-89.80104882,39.93324221,Quercus haas,Quercus,haas,,,,B5,OOB,1,2004
1993-013,-89.80225196,39.9349895,Quercus hartwissiana,Quercus,hartwissiana,,,2013,A2,AA,1,1993
2005-059,-89.800683,39.93519,Quercus havardii,Quercus,havardii,,,,C2,CC,2,2005
2014-114,-89.80144,39.935704,Quercus hirtifolia,Quercus,hirtifolia,,,,Oak Street,Oak Street,1,2014
1995-040,-89.80235062,39.93493368,Quercus pyrenaica_robur,Quercus,,,pyrenaica_robur(m) F1,,A2,AA,1,1995
2017-032,-89.80233503,39.932171,Quercus alba_ lyrata,Quercus,," ""Airport""",alba_ lyrata,,A7,OOOOA,1,2017
2012-031,-89.80227493,39.93246563,Quercus oglethorpensis_stellata,Quercus,,,oglethorpensis_stellata,,A6,OOOA,1,2012
2004-074,-89.80217937,39.9336515,Quercus laceyi_stellata,Quercus,,,laceyi (f)_stellata F1,,A5,OOA,1,2004
2017-059,-89.80214727,39.93199222,Quercus coccinea_falcata,Quercus,,,coccinea_falcata,,A7,OOOOA,1,2017
2007-045,-89.80214057,39.93321212,Quercus michauxii_macrocarpa,Quercus,,,michauxii_macrocarpa,,A5,OOA,1,2007
2006-084,-89.80210972,39.93363046,Quercus muehlenbergii_stellata,Quercus,,,muehlenbergii_stellata F2,,A5,OOA,1,2006
2017-060,-89.80210109,39.93194126,Quercus coccinea_pagoda,Quercus,,,coccinea_pagoda,,A7,OOOOA,1,2017
2006-088,-89.80207921,39.93338965,Quercus michauxii_macrocarpa,Quercus,,,michauxii_macrocarpa,,A5,OOA,1,2006
2010-126,-89.80206027,39.93266386,Quercus prinoides_virginiana,Quercus,,,prinoides_virginiana,,A6,OOOA,1,2010
2019-053,-89.80202,39.93308,Quercus turbinella_macrocarpa,Quercus,,,turbinella_macrocarpa,,A5,OOA,2,2019
2010-123,-89.80200436,39.932617,Quercus austrina_stellata,Quercus,,,austrina (f)_stellata,,A6,OOOA,1,2010
2010-151,-89.80198801,39.93257593,Quercus rubra_,Quercus,,,rubra_?,,A6,OOOA,1,2010
2008-076,-89.80198333,39.93326667,Quercus alba_muehlenbergii,Quercus,,,prinoides_muehlenbergii,,A5,OOA,2,2008
2008-074,-89.80191667,39.93293333,Quercus bicolor_muhlenbergii,Quercus,, 'KBCrystal',bicolor_muhlenbergii,,A6,OOOA,1,2008
2018-028,-89.80190403,39.93204754,Quercus alba_lyrata,Quercus,,,alba_lyrata F2,,A7,OOOOA,1,2018
2009-197,-89.8019,39.93285,Quercus macrocarpa_virginiana,Quercus,,,macrocarpa_virginiana,,A6,OOOA,2,2009
2003-059,-89.80179749,39.93547096,Quercus robur,Quercus,, 'Salfast' F2,robur 'Salicifolia'_robur 'Fastigiata',,A2,AA,1,2003
2016-035,-89.80174519,39.9320809,Quercus palustris_shumardii,Quercus,,,palustris_shumardii,,A7,OOOOA,1,2016
2015-093,-89.80174066,39.93226413,Quercus nuttallii_rubra_shumardii,Quercus,,,nuttallii_rubra or shumardii F2,,A7,OOOOA,1,2015
2016-036,-89.80171946,39.93214762,Quercus nuttallii_rubra,Quercus,,,nuttallii_rubra,,A7,OOOOA,1,2016
2016-016,-89.80170672,39.93222691,Quercus buckleyi_marilandica,Quercus,,,buckleyi_marilandica,,A7,OOOOA,1,2016
2004-078,-89.80167529,39.93355888,Quercus petraea_macranthera,Quercus,,,petraea_macranthera F2,,B5,OOB,2,2004
2004-088,-89.80166481,39.93359945,Quercus petraea_robur,Quercus,,,petraea 'Insecata'_robur F1,,B5,OOB,1,2004
2016-034,-89.8015887,39.93221367,Quercus frainetto_macranthera,Quercus,,,frainetto_macranthera 'Macon' F2,,B7,OOOOB,1,2016
2001-060,-89.80144,39.935704,Quercus cerrioides _faginea,Quercus,,,cerrioides _faginea,,Oak Street,Oak Street,1,2001
2001-063,-89.80144,39.935704,Quercus buckleyi_ gravesii,Quercus,,,buckleyi_ gravesii,,Oak Street,Oak Street,1,2001
2006-085,-89.80144,39.935704,Quercus fusiformis_virginiana,Quercus,,,fusiformis_virginiana,,Oak Street,Oak Street,1,2006
2004-081,-89.80144,39.935704,Quercus rysophylla_buckleyi,Quercus,,,rysophylla_buckleyi,,Oak Street,Oak Street,1,2004
2018-060,-89.80144,39.935704,Quercus rysophylla_nigra,Quercus,,,rysophylla_nigra,,Oak Street,Oak Street,1,2018
2003-061,-89.80136935,39.93377312,Quercus arkansana_falcata,Quercus,,,arkansana_falcata,,B4,OB,1,2003
2015-040,-89.80132685,39.93225734,Quercus macranthera_robur ,Quercus,,,macranthera (f)_robur fastigiata 'Monument',,B7,OOOOB,1,2015
2002-057,-89.80132199,39.93398175,Quercus castaneifolia_libani,Quercus,,,castaneifolia_libani,,B4,OB,1,2002
1999-059,-89.80125401,39.93382685,Quercus ellipsoidalis_rubra,Quercus,,,ellipsoidalis_rubra F2,,B4,OB,1,1999
2002-052,-89.80120347,39.93391352,Quercus georgiana_nigra,Quercus,,,georgiana (f)_nigra F1,,B4,OB,2,2002
2002-054,-89.80117388,39.93394202,Quercus nigra_coccinea,Quercus,, 'Fire Water',nigra (f)_coccinea F1,,B4,OB,1,2002
2001-065,-89.80112954,39.93390363,Quercus macranthera_petraea,Quercus,,,macranthera (f)_petraea F1,,B4,OB,1,2001
1999-057,-89.80104832,39.93406934,Quercus georgiana_nigra,Quercus,,,georgiana (f)_nigra F1,,B4,OB,1,1999
2019-029,-89.80103,39.93453,Quercus robur_alba,Quercus,,‘JFS-KW2QX’ TM-Skinny Genes,robur_alba,,B3,B,1,2019
2000-056,-89.80100909,39.93393028,Quercus sargentii_macrocarpa,Quercus,,,sargentii (f)_macrocarpa F3,,B4,OB,1,2000
2002-055,-89.80091329,39.93398837,Quercus ellipsoidalis_rubra,Quercus,,,ellipsoidalis_rubra F2,,B4,OB,1,2002
2019-031,-89.80087,39.93443,Quercus robur_alba,Quercus,,JFS-KW1QX' TM-Streetspire,robur_alba,,C3,C,1,2019
2004-080,-89.80044415,39.93459195,Quercus prinoides_muehlenbergii,Quercus,,,prinoides_muehlenbergii,,C3,C,2,2004
2001-064,-89.80007468,39.93604311,Quercus prinoides_muehlenbergii,Quercus,,,georgiana (f)_nigra F1,,D1,DDD,1,2001
2000-057,-89.79855269,39.93565176,Quercus georgiana_nigra,Quercus,,,macrocarpa_virginiana,,F1,FFF,1,2000
2001-023,-89.79838111,39.93587731,Quercus schuettei_macrocarpa,Quercus,,,schuettei_macrocarpa,,F1,FFF,1,2001
2021-014,-89.802,39.93226,Quercus nuttallii_nigra,Quercus,,,nuttallii_nigra,F2,,,NA,2021
1994-031,-89.80144,39.935704,Quercus ilex,Quercus,ilex,,,,Oak Street,Oak Street,1,1994
2015-086,-89.80144,39.935704,Quercus ilex,Quercus,ilex,,,,Oak Street,Oak Street,6,2015
2011-007,-89.80125418,39.93401477,Quercus incana,Quercus,incana,,,,B4,OB,3,2011
1998-029,-89.80121667,39.9354,Quercus incana,Quercus,incana,,,,B2,BB,1,1998
2002-029,-89.8012,39.9354,Quercus incana,Quercus,incana,,,,B2,BB,2,2002
2013-094,-89.80144,39.935704,Quercus infectoria,Quercus,infectoria,boissieri,,,Oak Street,Oak Street,4,2013
2018-019,-89.80126147,39.93200538,Quercus infectoria,Quercus,infectoria,veneris, pubescens?,,B7,OOOOB,1,2018
2005-060,-89.80060517,39.93523819,Quercus kelloggii,Quercus,kelloggii,,,,C2,CC,1,2005
2011-073,-89.80196874,39.93310307,Quercus laceyi,Quercus,laceyi,,,,A5,OOA,5,2011
2010-099,-89.80188794,39.93275656,Quercus laceyi,Quercus,laceyi,,,,A6,OOOA,5,2010
2000-028,-89.80144,39.935704,Quercus laceyi,Quercus,laceyi,,,,Oak Street,Oak Street,3,2000
2009-170,-89.8016,39.93298333,Quercus libani,Quercus,libani,,,,B6,OOOB,3,2009
2012-030,-89.80155417,39.93261147,Quercus libani,Quercus,libani,,,,B6,OOOB,8,2012
2015-087,-89.80150656,39.93209515,Quercus libani,Quercus,libani,,,,B7,OOOOB,9,2015
2005-061,-89.80147052,39.93323643,Quercus libani,Quercus,libani,,,,B5,OOB,1,2005
2003-029,-89.80144,39.935704,Quercus libani,Quercus,libani,,,,Oak Street,Oak Street,7,2003
2008-048,-89.80143333,39.93315,Quercus libani,Quercus,libani,,,,B6,OOOB,2,2008
1999-032,-89.80144,39.935704,Quercus lobata,Quercus,lobata,,,,Oak Street,Oak Street,1,1999
1988-012,-89.80223897,39.93501121,Quercus lyrata,Quercus,lyrata,,,,A2,AA,3,1988
2016-077,-89.80207678,39.93204217,Quercus lyrata,Quercus,lyrata,,,,A7,OOOOA,7,2016
2018-063,-89.80202221,39.93192215,Quercus lyrata,Quercus,lyrata,,,,A7,OOOOA,9,2018
2015-020,-89.80183664,39.93227486,Quercus lyrata,Quercus,lyrata,,,,A7,OOOOA,5,2015
1994-033,-89.80224341,39.93495966,Quercus macranthera,Quercus,macranthera,,,,A2,AA,1,1994
2007-037,-89.80153682,39.93322763,Quercus macranthera,Quercus,macranthera,,,,B5,OOB,2,2007
2012-035,-89.80147948,39.93255288,Quercus macranthera,Quercus,macranthera,,,,B6,OOOB,4,2012
2015-089,-89.8014504,39.93211417,Quercus macranthera,Quercus,macranthera,,,,B7,OOOOB,5,2015
2012-020,-89.80142609,39.93253386,Quercus macranthera,Quercus,macranthera,syspirensis,,,B6,OOOB,2,2012
2005-062,-89.80138293,39.93323115,Quercus macranthera,Quercus,macranthera,syspirensis,,,B5,OOB,1,2005
2010-100,-89.80131327,39.93279353,Quercus macranthera,Quercus,macranthera,,,,B6,OOOB,4,2010
2018-021,-89.8012225,39.93200949,Quercus macranthera,Quercus,macranthera,,,,B7,OOOOB,6,2018
1982-032,-89.80226889,39.93523518,Quercus macrocarpa,Quercus,macrocarpa,,,,A2,AA,1,1982
1994-036,-89.80212481,39.93502026,Quercus macrocarpa,Quercus,macrocarpa, 'Rough Rider',,,A2,AA,1,1994
2015-021,-89.80212288,39.93219255,Quercus macrocarpa,Quercus,macrocarpa,Big John',,,A7,OOOOA,1,2015
1985-022,-89.80212238,39.93520894,Quercus macrocarpa,Quercus,macrocarpa,,,,A2,AA,3,1985
1900-043,-89.80085,39.93553333,Quercus macrocarpa,Quercus,macrocarpa,,,,C1,CCC,2,spontaneous
2019-051,-89.80077,39.93467,Quercus macrocarpa,Quercus,macrocarpa,Motherlode',,,C3,C,1,2019
1900-044,-89.80053333,39.93555,Quercus macrocarpa,Quercus,macrocarpa,,,,C1,CCC,2,spontaneous
2019-013,-89.80049,39.93308,Quercus macrocarpa,Quercus,macrocarpa,,,,C5,OOC,110,2019
2016-023,-89.80047299,39.93330482,Quercus macrocarpa,Quercus,macrocarpa,,,,C5,OOC,100,2016
2016-024,-89.80046192,39.93319955,Quercus macrocarpa,Quercus,macrocarpa,,,,C5,OOC,101,2016
2012-021,-89.80045907,39.93338655,Quercus macrocarpa,Quercus,macrocarpa,,,,C5,OOC,86,2012
2016-026,-89.80042228,39.9331718,Quercus macrocarpa,Quercus,macrocarpa,,,,C5,OOC,103,2016
2016-025,-89.80041859,39.93320332,Quercus macrocarpa,Quercus,macrocarpa,,,,C5,OOC,104,2016
2014-070,-89.80041431,39.93331815,Quercus macrocarpa,Quercus,macrocarpa,,,,C5,OOC,90,2014
2015-025,-89.80040166,39.93331094,Quercus macrocarpa,Quercus,macrocarpa,,,,C5,OOC,96,2015
2014-075,-89.80039931,39.93350171,Quercus macrocarpa,Quercus,macrocarpa,,,,C5,OOC,92,2014
2019-001,-89.80038,39.9331,Quercus macrocarpa,Quercus,macrocarpa,,,,C5,OOC,109,2019
2014-071,-89.80036528,39.93333315,Quercus macrocarpa,Quercus,macrocarpa,,,,C5,OOC,93,2014
2013-034,-89.80036285,39.93344958,Quercus macrocarpa,Quercus,macrocarpa, 'Rough Rider',,,C5,OOC,1,2013
2017-025,-89.80033661,39.9331542,Quercus macrocarpa,Quercus,macrocarpa,,,,C5,OOC,103,2017
2014-072,-89.80033536,39.93340432,Quercus macrocarpa,Quercus,macrocarpa,,,,C5,OOC,95,2014
2017-026,-89.80030585,39.93327314,Quercus macrocarpa,Quercus,macrocarpa,,,,C5,OOC,104,2017
2014-069,-89.80028708,39.9335101,Quercus macrocarpa,Quercus,macrocarpa,,,,C5,OOC,89,2014
2014-073,-89.8002771,39.93342234,Quercus macrocarpa,Quercus,macrocarpa,,,,C5,OOC,94,2014
2016-027,-89.80027509,39.93324255,Quercus macrocarpa,Quercus,macrocarpa,,,,C5,OOC,102,2016
2013-038,-89.80027291,39.93359056,Quercus macrocarpa,Quercus,macrocarpa, 'Big John',,,C5,OOC,1,2013
2015-022,-89.80025682,39.93337112,Quercus macrocarpa,Quercus,macrocarpa,,,,C5,OOC,97,2015
2014-074,-89.80022664,39.93347665,Quercus macrocarpa,Quercus,macrocarpa,,,,C5,OOC,91,2014
2015-024,-89.80020368,39.93342955,Quercus macrocarpa,Quercus,macrocarpa,,,,C5,OOC,99,2015
2015-023,-89.80019186,39.93341672,Quercus macrocarpa,Quercus,macrocarpa,,,,C5,OOC,98,2015
2018-022,-89.8001885,39.93321874,Quercus macrocarpa,Quercus,macrocarpa,,,,D5,OOD,105,2018
2018-024,-89.80013461,39.93336149,Quercus macrocarpa,Quercus,macrocarpa,,,,D5,OOD,107,2018
2018-023,-89.80010619,39.93330105,Quercus macrocarpa,Quercus,macrocarpa,,,,D5,OOD,106,2018
2018-025,-89.80009404,39.93338764,Quercus macrocarpa,Quercus,macrocarpa,,,,D5,OOD,108,2018
1997-039,-89.79855,39.93546667,Quercus macrocarpa,Quercus,macrocarpa,,,,F2,FF,43,1997
1994-039,-89.7985,39.93535,Quercus macrocarpa,Quercus,macrocarpa,,,,F2,FF,33,1994
2009-176,-89.79848966,39.93595158,Quercus macrocarpa,Quercus,macrocarpa,,,,F1,FFF,76,2009
2009-173,-89.79847147,39.93589877,Quercus macrocarpa,Quercus,macrocarpa,,,,F1,FFF,75,2009
2010-106,-89.79846879,39.93597832,Quercus macrocarpa,Quercus,macrocarpa,,,,F1,FFF,83,2010
1997-038,-89.79846636,39.93555428,Quercus macrocarpa,Quercus,macrocarpa, 'Lippert' F2,,,F1,FFF,27,1997
2009-172,-89.79846627,39.93588955,Quercus macrocarpa,Quercus,macrocarpa,,,,F1,FFF,74,2009
1994-054,-89.79845,39.93541667,Quercus macrocarpa,Quercus,macrocarpa,,,,F2,FF,26,1994
1994-060,-89.79845,39.93555,Quercus macrocarpa,Quercus,macrocarpa,,,,F1,FFF,31,1994
1994-050,-89.79843333,39.9354,Quercus macrocarpa,Quercus,macrocarpa,,,,F2,FF,25,1994
1994-057,-89.79843333,39.93548333,Quercus macrocarpa,Quercus,macrocarpa,,,,F2,FF,32,1994
2009-174,-89.79842411,39.93593222,Quercus macrocarpa,Quercus,macrocarpa,,,,F1,FFF,73,2009
1994-059,-89.7984,39.93555,Quercus macrocarpa,Quercus,macrocarpa,,,,F1,FFF,34,1994
2008-050,-89.7984,39.93595,Quercus macrocarpa,Quercus,macrocarpa,,,,F1,FFF,71,2008
2009-175,-89.79839084,39.93597002,Quercus macrocarpa,Quercus,macrocarpa,,,,F1,FFF,77,2009
2010-107,-89.79838195,39.93601168,Quercus macrocarpa,Quercus,macrocarpa,,,,F1,FFF,84,2010
2002-034,-89.79837307,39.93557774,Quercus macrocarpa,Quercus,macrocarpa,,,,F1,FFF,39,2002
1994-049,-89.79836667,39.9354,Quercus macrocarpa,Quercus,macrocarpa,,,,F2,FF,21,1994
1994-056,-89.79836667,39.93545,Quercus macrocarpa,Quercus,macrocarpa,,,,F2,FF,24,1994
2002-032,-89.79836667,39.93598333,Quercus macrocarpa,Quercus,macrocarpa,,,,F1,FFF,51,2002
2011-037,-89.79836309,39.93592777,Quercus macrocarpa,Quercus,macrocarpa,,,,F1,FFF,85,2011
2010-101,-89.79834817,39.93599734,Quercus macrocarpa,Quercus,macrocarpa,,,,F1,FFF,78,2010
1996-032,-89.79833401,39.93559761,Quercus macrocarpa,Quercus,macrocarpa,,,,F1,FFF,38,1996
1994-044,-89.79833333,39.93538333,Quercus macrocarpa,Quercus,macrocarpa,,,,F2,FF,20,1994
1994-058,-89.79833333,39.9355,Quercus macrocarpa,Quercus,macrocarpa,,,,F2,FF,16,1994
1995-023,-89.79833333,39.93546667,Quercus macrocarpa,Quercus,macrocarpa,,,,F2,FF,28,1995
1996-025,-89.79831667,39.93543333,Quercus macrocarpa,Quercus,macrocarpa,,,,F2,FF,19,1996
2002-038,-89.79830308,39.93557397,Quercus macrocarpa,Quercus,macrocarpa,,,,F1,FFF,52,2002
1996-033,-89.79830174,39.93559065,Quercus macrocarpa,Quercus,macrocarpa,,,,F1,FFF,39,1996
1994-048,-89.79828333,39.9354,Quercus macrocarpa,Quercus,macrocarpa,,,,F2,FF,18,1994
1996-027,-89.79828333,39.93548333,Quercus macrocarpa,Quercus,macrocarpa,,,,F2,FF,36,1996
1996-029,-89.79828333,39.9355,Quercus macrocarpa,Quercus,macrocarpa,,,,F2,FF,35,1996
1997-040,-89.79827349,39.9355956,Quercus macrocarpa,Quercus,macrocarpa,,,,F1,FFF,45,1997
2008-051,-89.79826667,39.93595,Quercus macrocarpa,Quercus,macrocarpa,,,,F1,FFF,68,2008
1994-061,-89.79826553,39.93539762,Quercus macrocarpa,Quercus,macrocarpa,,,,F2,FF,15,1994
2010-105,-89.79825463,39.93597647,Quercus macrocarpa,Quercus,macrocarpa,,,,F1,FFF,82,2010
1994-042,-89.79825,39.93538333,Quercus macrocarpa,Quercus,macrocarpa,,,,F2,FF,12,1994
1994-043,-89.79825,39.93538333,Quercus macrocarpa,Quercus,macrocarpa,,,,F2,FF,16,1994
1994-047,-89.79825,39.9354,Quercus macrocarpa,Quercus,macrocarpa,,,,F2,FF,13,1994
1994-052,-89.79825,39.93541667,Quercus macrocarpa,Quercus,macrocarpa,,,,F2,FF,17,1994
1996-031,-89.79825,39.93553333,Quercus macrocarpa,Quercus,macrocarpa,,,,F1,FFF,37,1996
2010-102,-89.79824927,39.93601184,Quercus macrocarpa,Quercus,macrocarpa,,,,F1,FFF,79,2010
2008-054,-89.79824918,39.93571303,Quercus macrocarpa,Quercus,macrocarpa,,,,F1,FFF,51,2008
2005-064,-89.79823703,39.93590187,Quercus macrocarpa,Quercus,macrocarpa,,,,F1,FFF,66,2005
2002-033,-89.79823594,39.93557364,Quercus macrocarpa,Quercus,macrocarpa,,,,F1,FFF,46,2002
2005-065,-89.7982341,39.93582669,Quercus macrocarpa,Quercus,macrocarpa,,,,F1,FFF,67,2005
1994-038,-89.79823333,39.93535,Quercus macrocarpa,Quercus,macrocarpa,,,,F2,FF,11,1994
2005-063,-89.79822571,39.93582753,Quercus macrocarpa,Quercus,macrocarpa,,,,F1,FFF,68,2005
2010-104,-89.79821876,39.93598511,Quercus macrocarpa,Quercus,macrocarpa,,,,F1,FFF,72,2010
1994-037,-89.79821667,39.93535,Quercus macrocarpa,Quercus,macrocarpa,,,,F2,FF,14,1994
2003-037,-89.79821557,39.93574572,Quercus macrocarpa,Quercus,macrocarpa,,,,F1,FFF,57,2003
2009-212,-89.79820702,39.93594068,Quercus macrocarpa,Quercus,macrocarpa,,,,F1,FFF,72,2009
2004-040,-89.79820509,39.93577581,Quercus macrocarpa,Quercus,macrocarpa,,,,F1,FFF,63,2004
1994-040,-89.7982,39.93536667,Quercus macrocarpa,Quercus,macrocarpa,,,,F2,FF,10,1994
2002-035,-89.79819705,39.9356168,Quercus macrocarpa,Quercus,macrocarpa,,,,F1,FFF,41,2002
2004-042,-89.79818707,39.93589181,Quercus macrocarpa,Quercus,macrocarpa,,,,F1,FFF,65,2004
1994-046,-89.79818333,39.9354,Quercus macrocarpa,Quercus,macrocarpa,,,,F2,FF,8,1994
2008-053,-89.79817819,39.93574563,Quercus macrocarpa,Quercus,macrocarpa,,,,F1,FFF,59,2008
2010-103,-89.79816897,39.93594789,Quercus macrocarpa,Quercus,macrocarpa,,,,F1,FFF,80,2010
1996-028,-89.79816667,39.9355,Quercus macrocarpa,Quercus,macrocarpa,,,,F2,FF,40,1996
2003-034,-89.79816667,39.93581667,Quercus macrocarpa,Quercus,macrocarpa,,,,F1,FFF,59,2003
2003-036,-89.7981636,39.93571554,Quercus macrocarpa,Quercus,macrocarpa,,,,F1,FFF,56,2003
2004-041,-89.79815036,39.93577112,Quercus macrocarpa,Quercus,macrocarpa,,,,F1,FFF,64,2004
1994-034,-89.79815,39.93545,Quercus macrocarpa,Quercus,macrocarpa, 'Ashworth' F2,,,F2,FF,9,1994
1996-030,-89.79815,39.93551667,Quercus macrocarpa,Quercus,macrocarpa,,,,F2,FF,41,1996
2002-041,-89.79814148,39.93568352,Quercus macrocarpa,Quercus,macrocarpa,,,,F1,FFF,55,2002
1994-035,-89.79813333,39.93545,Quercus macrocarpa,Quercus,macrocarpa, 'Lippert' F2,,,F2,FF,27,1994
1994-045,-89.79813333,39.9354,Quercus macrocarpa,Quercus,macrocarpa,,,,F2,FF,5,1994
1994-051,-89.79813333,39.93541667,Quercus macrocarpa,Quercus,macrocarpa,,,,F2,FF,7,1994
1996-026,-89.79813333,39.93546667,Quercus macrocarpa,Quercus,macrocarpa,,,,F2,FF,42,1996
2002-039,-89.79812773,39.93565704,Quercus macrocarpa,Quercus,macrocarpa,,,,F1,FFF,53,2002
1994-041,-89.79811667,39.93538333,Quercus macrocarpa,Quercus,macrocarpa,,,,F2,FF,6,1994
2003-039,-89.7981118,39.93572677,Quercus macrocarpa,Quercus,macrocarpa,,,,F1,FFF,60,2003
1998-033,-89.79809244,39.93555897,Quercus macrocarpa,Quercus,macrocarpa,,,,F1,FFF,7,1998
1997-041,-89.79808859,39.93552879,Quercus macrocarpa,Quercus,macrocarpa,,,,F1,FFF,44,1997
2003-035,-89.79804617,39.93571353,Quercus macrocarpa,Quercus,macrocarpa,,,,F1,FFF,61,2003
2021-011,-89.8005,39.93304,Quercus macrocarpa,Quercus,macrocarpa,,,,C6,OOC,111,2021
2021-012,-89.8004,39.93306,Quercus macrocarpa,Quercus,macrocarpa,,,,C7,OOC,112,2021
2010-098,-89.80045823,39.93462807,Quercus macrolepis,Quercus,macrolepis,,,,C3,C,2,2010
2011-018,-89.80235992,39.93322972,Quercus margaretta,Quercus,margaretta,,,,A5,OOA,4,2011
2008-055,-89.80203333,39.9332,Quercus margaretta,Quercus,margaretta,,,,A5,OOA,2,2008
2009-177,-89.802,39.93283333,Quercus margaretta,Quercus,margaretta,,,,A6,OOOA,3,2009
1983-027,-89.80214794,39.93529209,Quercus marilandica,Quercus,marilandica,,,,A2,AA,3,1983
2008-056,-89.80211667,39.93296667,Quercus marilandica,Quercus,marilandica,,,,A6,OOOA,4,2008
2016-028,-89.80188441,39.93214049,Quercus marilandica,Quercus,marilandica,ashei,,,A7,OOOOA,2,2016
2001-045,-89.80028389,39.93600765,Quercus marilandica,Quercus,marilandica,ashei,,,C1,CCC,1,2001
1991-020,-89.80144,39.935704,Quercus mexicana,Quercus,mexicana,,,,Oak Street,Oak Street,2,1991
1983-028,-89.80227535,39.93510115,Quercus michauxii,Quercus,michauxii,,,,A2,AA,2,1983
1981-028,-89.80226789,39.93513568,Quercus michauxii,Quercus,michauxii,,,,A2,AA,1,1981
2005-066,-89.80217854,39.93328404,Quercus michauxii,Quercus,michauxii,,,,A5,OOA,3,2005
2011-038,-89.80211609,39.93251785,Quercus michauxii,Quercus,michauxii,,,,A6,OOOA,5,2011
2014-076,-89.80162273,39.93241517,Quercus michauxii,Quercus,michauxii,,,,B7,OOOOB,2,2014
2020-020,-89.80178462,39.93198687,Quercus michauxii,Quercus,michauxii,,,,,,6,
2003-041,-89.80144,39.935704,Quercus minima,Quercus,minima,,,,Oak Street,Oak Street,1,2003
2013-099,-89.80144,39.935704,Quercus minima,Quercus,minima,,,,Oak Street,Oak Street,2,2013
2002-042,-89.8011567,39.93537323,Quercus mohriana,Quercus,mohriana,,,,B2,BB,1,2002
2005-067,-89.80077,39.935196,Quercus mohriana,Quercus,mohriana,,,,C2,CC,2,2005
2020-021,39.93389803,-89.80141653,Quercus mohriana,Quercus,mohriana,, ?,,,,3,
2000-035,-89.80119986,39.93410513,Quercus mongolica,Quercus,mongolica,,,,B4,OB,3,2000
2001-046,-89.80112149,39.93411418,Quercus mongolica,Quercus,mongolica,,,,B4,OB,2,2001
1981-029,-89.80211039,39.93531841,Quercus montana,Quercus,montana,,,,A2,AA,1,1981
1982-033,-89.80205675,39.93517156,Quercus montana,Quercus,montana,,,,A2,AA,3,1982
2010-108,-89.80183756,39.93282965,Quercus montana,Quercus,montana,,,,A6,OOOA,4,2010
1988-013,-89.80233285,39.93521154,Quercus muehlenbergii,Quercus,muehlenbergii,,,,A2,AA,3,1988
2012-019,-89.80224182,39.93257124,Quercus muehlenbergii,Quercus,muehlenbergii," ""Small Nut""",,,A6,OOOA,8,2012
2009-179,-89.80205,39.93276667,Quercus muehlenbergii,Quercus,muehlenbergii,,,,A6,OOOA,7,2009
2015-026,-89.80201023,39.93217436,Quercus muehlenbergii,Quercus,muehlenbergii,,,,A7,OOOOA,8,2015
2011-039,-89.80197435,39.93245155,Quercus muehlenbergii,Quercus,muehlenbergii,brayii,,,A6,OOOA,2,2011
2015-090,-89.80163556,39.93237024,Quercus muehlenbergii,Quercus,muehlenbergii,,,,B7,OOOOB,9,2015
2000-036,-89.80110733,39.9340892,Quercus muehlenbergii,Quercus,muehlenbergii,brayii,,,B4,OB,1,2000
2002-043,-89.80016897,39.93611,Quercus muehlenbergii,Quercus,muehlenbergii,brayii,,,D1,DDD,1,2002
2001-048,-89.80010661,39.93611561,Quercus muehlenbergii,Quercus,muehlenbergii,,,,D1,DDD,5,2001
2001-047,-89.79976715,39.9352739,Quercus muehlenbergii,Quercus,muehlenbergii,,,,D2,DD,4,2001
2004-077,-89.80241901,39.93362887,Quercus muehlenbergii_stellata,Quercus,,,muehlenbergii_stellata F2,,A5,OOA,1,2004
2016-106,-89.801436,39.935728,Quercus multinervis,Quercus,multinervis,,,,Oak Street,Oak Street,1,2016
2016-107,-89.801436,39.935728,Quercus multinervis,Quercus,multinervis,,,,Oak Street,Oak Street,1,2016
1995-025,-89.80144,39.935704,Quercus myrtifolia,Quercus,myrtifolia,,,,Oak Street,Oak Street,1,1995
1995-047,-89.80144,39.935704,Quercus myrtifolia,Quercus,myrtifolia,,,,Oak Street,Oak Street,1,1995
2006-058,-89.80241834,39.93345469,Quercus nuttallii,Quercus,nuttallii, 'New Madrid',,,A5,OOA,1,2006
2019-014,-89.80234,39.93214,Quercus nuttallii,Quercus,nuttallii,,New Madrid north tree,,A7,OOOOA,4,2019
2004-043,-89.80224308,39.93343474,Quercus nuttallii,Quercus,nuttallii, 'New Madrid',,,A5,OOA,1,2004
1981-030,-89.80216286,39.93516519,Quercus nuttallii,Quercus,nuttallii,cachensis,,,A2,AA,1,1981
2013-102,-89.80206597,39.93309855,Quercus nuttallii,Quercus,nuttallii,,,,A5,OOA,3,2013
2007-038,-89.80135988,39.93479731,Quercus nuttallii,Quercus,nuttallii, 'New Madrid',,,B3,B,1,2007
2006-059,-89.80231474,39.93334103,Quercus oglethorpensis,Quercus,oglethorpensis,,,,A5,OOA,2,2006
2005-068,-89.80212372,39.93329183,Quercus oglethorpensis,Quercus,oglethorpensis,,,,A5,OOA,2,2005
2006-060,-89.80144,39.935704,Quercus oleoides,Quercus,oleoides,,,,Oak Street,Oak Street,1,2006
2015-027,-89.80224358,39.93228206,Quercus pagoda,Quercus,pagoda,,,,A7,OOOOA,3,2015
1984-011,-89.80220318,39.93524599,Quercus pagoda,Quercus,pagoda,,,,A2,AA,1,1984
2020-023,-89.80182067,39.93183083,Quercus pagoda,Quercus,pagoda,,,,,,3,
1982-034,-89.80237685,39.93517835,Quercus palustris,Quercus,palustris,,,,A2,AA,3,1982
1978-055,-89.80207887,39.93529486,Quercus palustris,Quercus,palustris,,,,A2,AA,4,1979
2020-024,-89.80200887,39.93182843,Quercus palustris,Quercus,palustris,,,,,,3,
2005-069,-89.80133842,39.93358771,Quercus pedunculiflora,Quercus,pedunculiflora,,,,B5,OOB,2,2005
2003-042,-89.80133062,39.93320357,Quercus pedunculiflora,Quercus,pedunculiflora,,,,B5,OOB,2,2003
2011-074,-89.80123968,39.93264031,Quercus pedunculiflora,Quercus,pedunculiflora,,,,B6,OOOB,4,2011
2004-045,-89.80108277,39.93337423,Quercus pedunculiflora,Quercus,pedunculiflora,,,,B5,OOB,3,2004
2005-075,-89.80177386,39.93348084,Quercus petraea,Quercus,petraea,,,,A5,OOA,4,2005
2007-039,-89.80171116,39.93341479,Quercus petraea,Quercus,petraea,,,,B5,OOB,11,2007
2016-029,-89.80162399,39.93217134,Quercus petraea,Quercus,petraea,Muscaviensis',F2 ( pubescens?),,B7,OOOOB,1,2016
2005-071,-89.80160999,39.93333466,Quercus petraea,Quercus,petraea,,,,B5,OOB,6,2005
2004-047,-89.80159348,39.93358134,Quercus petraea,Quercus,petraea,,,,B5,OOB,5,2004
2004-075,-89.80159,39.93351,Quercus petraea,Quercus,petraea,, 'Insecata'  F2,,B5,OOB,9,2004
2005-072,-89.80157227,39.93326677,Quercus petraea,Quercus,petraea,,petraea 'Cucullata' F2,,B5,OOB,7,2005
2005-070,-89.80154201,39.93332142,Quercus petraea,Quercus,petraea,,petraea ' Cochleata' F2,,B5,OOB,10,2005
2017-027,-89.80147705,39.93201594,Quercus petraea,Quercus,petraea,,,,B7,OOOOB,12,2017
2011-036,-89.80145702,39.93261063,Quercus petraea,Quercus,petraea,pinnatiloba,,,B6,OOOB,1,2011
2017-028,-89.8014354,39.93205751,Quercus petraea,Quercus,petraea,,,,B7,OOOOB,13,2017
2015-029,-89.80138821,39.93238843,Quercus petraea,Quercus,petraea,Muscaviensis',F2 ( pubescens?),,B7,OOOOB,1,2015
2001-049,-89.8013131,39.93419532,Quercus petraea,Quercus,petraea, 'Mespilifolia',,,B4,OB,1,2001
1982-035,-89.80237023,39.93503602,Quercus phellos,Quercus,phellos,,,,A2,AA,1,1982
1991-021,-89.8023269,39.93499403,Quercus phellos,Quercus,phellos,,,,A2,AA,2,1991
2017-058,-89.80219421,39.93199138,Quercus phellos,Quercus,phellos,,,,A7,OOOOA,4,2017
1999-065,-89.80144,39.935704,Quercus phillyreiodes,Quercus,phillyreiodes,,,,Oak Street,Oak Street,4,1999
2001-050,-89.80144,39.935704,Quercus phillyreiodes,Quercus,phillyreiodes,,,,Oak Street,Oak Street,2,2001
2003-045,-89.80144,39.935704,Quercus phillyreiodes,Quercus,phillyreiodes,,,,Oak Street,Oak Street,4,2003
2003-046,-89.80114756,39.93349149,Quercus polycarpa,Quercus,polycarpa,,,,B5,OOB,1,2003
2006-063,-89.80144,39.935704,Quercus polymorpha,Quercus,polymorpha,,,,Oak Street,Oak Street,2,2006
2006-102,-89.80144,39.935704,Quercus polymorpha,Quercus,polymorpha,,,,Oak Street,Oak Street,2,2006
2004-050,-89.8020834,39.93233034,Quercus prinoides,Quercus,prinoides,,,,C3,C,2,2004
1994-064,-89.80202833,39.93492924,Quercus prinoides,Quercus,prinoides,,,,A2,AA,1,1994
2018-044,-89.80124027,39.93399038,Quercus prinoides,Quercus,prinoides,,,,B4,OB,6,2018
2009-183,-89.80043,39.934568,Quercus prinoides,Quercus,prinoides,,,,C3,C,4,2009
2009-184,-89.80041649,39.93459103,Quercus prinoides,Quercus,prinoides_?,,,,C3,C,1,2009
2009-182,-89.80037827,39.93459606,Quercus prinoides,Quercus,prinoides,,,,C3,C,5,2009
2006-065,-89.79957805,39.93608418,Quercus prinoides,Quercus,prinoides,,,,D1,DDD,3,2006
2021-006,-89.8004,39.93459,Quercus prinoides,Quercus,prinoides,,,,,,NA,2021
2021-007,-89.8005,39.93462,Quercus prinoides,Quercus,prinoides,,,,,,NA,2021
2008-059,-89.80171778,39.93321665,Quercus pubescens,Quercus,pubescens, 'Migazziana',,,B5,OOB,1,2008
2005-078,-89.80166129,39.93337431,Quercus pubescens,Quercus,pubescens,,,,B5,OOB,4,2005
2005-077,-89.80164092,39.93338462,Quercus pubescens,Quercus,pubescens,,,,B5,OOB,5,2005
2004-052,-89.80162709,39.93350591,Quercus pubescens,Quercus,pubescens,,,,B5,OOB,4,2004
2004-053,-89.80156196,39.93348068,Quercus pubescens,Quercus,pubescens,,,,B5,OOB,3,2004
2009-185,-89.80141667,39.93286667,Quercus pubescens,Quercus,pubescens,,,,B6,OOOB,6,2009
2002-044,-89.80121084,39.93385476,Quercus pubescens,Quercus,pubescens,var. undulata,,,B4,OB,1,2002
2004-051,-89.80119391,39.93348093,Quercus pubescens,Quercus,pubescens,var. crispata,,,B5,OOB,1,2004
2003-047,-89.80117229,39.93383498,Quercus pubescens,Quercus,pubescens,,,,B4,OB,3,2003
2004-054,-89.80144,39.935704,Quercus pumila,Quercus,pumila,,,,Oak Street,Oak Street,1,2004
1996-039,-89.80144,39.935704,Quercus pungens,Quercus,pungens,,,,Oak Street,Oak Street,2,1996
2011-023,-89.80128536,39.93400069,Quercus pungens,Quercus,pungens,,,,B4,OB,1,2011
2008-060,-89.80062193,39.93516041,Quercus pungens,Quercus,pungens,,,,C2,CC,1,2008
2007-040,-89.80189053,39.93325755,Quercus pyrenaica,Quercus,pyrenaica,,,,A5,OOA,3,2007
2005-079,-89.80158342,39.93342527,Quercus pyrenaica,Quercus,pyrenaica,,,,B5,OOB,2,2005
2009-187,-89.8015,39.93295,Quercus pyrenaica,Quercus,pyrenaica,,,,B6,OOOB,3,2009
2011-061,-89.8012209,39.93270133,Quercus pyrenaica,Quercus,pyrenaica,,,,B6,OOOB,4,2011
2001-054,-89.80120732,39.93400572,Quercus pyrenaica,Quercus,pyrenaica,,,,B4,OB,1,2001
2001-053,-89.80079158,39.93462858,Quercus pyrenaica,Quercus,pyrenaica,,,,C3,C,1,2001
1995-027,-89.80144,39.935704,Quercus resinosa,Quercus,resinosa,,,,Oak Street,Oak Street,1,1995
2016-108,-89.801436,39.935728,Quercus rhysophylla,Quercus,rhysophylla,,,,Oak Street,Oak Street,2,2016
2008-062,-89.80233333,39.9329,Quercus robur,Quercus,robur, 'Albomarginata',,,A6,OOOA,1,2008
2008-063,-89.8023,39.93288333,Quercus robur,Quercus,robur, 'Henzei',,,A6,OOOA,1,2008
1995-029,-89.8021606,39.93488724,Quercus robur,Quercus,robur, 'Filicifolia',,,A2,AA,1,1995
2003-052,-89.80184477,39.93546065,Quercus robur,Quercus,robur , 'Fastigiata',,,A2,AA,4,2003
2011-033,-89.80184024,39.9354806,Quercus robur,Quercus,robur, 'Cupressoides',,,A2,AA,1,2011
2007-042,-89.8018394,39.93333416,Quercus robur,Quercus,robur, 'Irtha',,,A5,OOA,1,2007
2010-114,-89.80171401,39.93544942,Quercus robur,Quercus,robur, 'Fastigiata',,,B2,BB,5,2010
2010-113,-89.80157923,39.93271633,Quercus robur,Quercus,robur, 'Concordia',,,B6,OOOB,2,2010
2009-188,-89.8014,39.93291667,Quercus robur,Quercus,robur,,,,B6,OOOB,5,2009
2019-052,-89.80139,39.93507,Quercus robur,Quercus,robur,Variegata',,,A2,AA,1,2019
2018-026,-89.8013867,39.93193355,Quercus robur,Quercus,robur,,,,B7,OOOOB,16,2018
2010-116,-89.80137647,39.93288699,Quercus robur,Quercus,robur,,,,B6,OOOB,10,2010
2010-117,-89.80136985,39.93291314,Quercus robur,Quercus,robur,,,,B6,OOOB,9,2010
2015-031,-89.80136683,39.93209079,Quercus robur,Quercus,robur,,,,B7,OOOOB,15,2015
2011-043,-89.80136591,39.93264123,Quercus robur,Quercus,robur, 'Compacta',,,B6,OOOB,1,2011
2014-077,-89.80136532,39.93232414,Quercus robur,Quercus,robur,,,,B7,OOOOB,2,2014
2015-030,-89.80136147,39.9348227,Quercus robur,Quercus,robur,fastigiata 'Purpurea',,,B3,B  ,1,2015
2007-041,-89.80135,39.93495,Quercus robur,Quercus,robur, 'Argenteovariegata',,,B2,BB,1,2007
2010-115,-89.8013463,39.93287039,Quercus robur,Quercus,robur,,,,B6,OOOB,11,2010
2004-056,-89.80134579,39.9339307,Quercus robur,Quercus,robur,, 'Pendula' F2,,B4,OB,1,2004
2003-054,-89.80133029,39.93401712,Quercus robur,Quercus,robur ,, 'Salicifolia' F2,,B4,OB,2,2003
2003-048,-89.8013157,39.93386247,Quercus robur,Quercus,robur, 'Cristata',,,B4,OB,2,2003
2011-027,-89.80131528,39.93288238,Quercus robur,Quercus,robur,,,,B6,OOOB,13,2011
2011-035,-89.80131528,39.93288238,Quercus robur,Quercus,robur,,,,B6,OOOB,12,2011
2015-019,-89.80131285,39.93258725,Quercus robur,Quercus,robur,pedunculiflora,,,B6,OOOB,1,2015
2003-049,-89.80129257,39.93376524,Quercus robur,Quercus,robur,, 'Pendula' F2,,B4,OB,1,2003
2015-032,-89.80127128,39.93283284,Quercus robur,Quercus,robur,,,,B6,OOOB,14,2015
2003-050,-89.80121453,39.93327473,Quercus robur,Quercus,robur,,,,B5,OOB,4,2003
2004-057,-89.80114387,39.93332461,Quercus robur,Quercus,robur,,,,B5,OOB,5,2004
2006-067,-89.80114228,39.93322754,Quercus robur,Quercus,robur,, 'Fastigiata' F2,,B5,OOB,7,2006
2003-053,-89.80114069,39.93348872,Quercus robur,Quercus,robur ,, 'Macrophylla' F2,,B5,OOB,1,2003
2005-080,-89.80111948,39.93352745,Quercus robur,Quercus,robur,,,,B5,OOB,4,2005
2006-068,-89.80105771,39.93321899,Quercus robur,Quercus,robur,,,,B5,OOB,8,2006
2001-056,-89.80102401,39.93386239,Quercus robur,Quercus,robur,,,,B4,OB,2,2001
1999-040,-89.80094539,39.93389986,Quercus robur,Quercus,robur,,,,B4,OB,1,1999
1981-036,-89.80224199,39.9353278,Quercus robur_macrocarpa,Quercus,,,robur_macrocarpa,,A2,AA,1,1981
2004-058,-89.80244583,39.93348948,Quercus rubra,Quercus,rubra,,,,A5,OOA,1,2004
2006-069,-89.80235028,39.93339744,Quercus rubra,Quercus,rubra,,,,A5,OOA,4,2006
1994-065,-89.80229245,39.93505639,Quercus rubra,Quercus,rubra,,,,A2,AA,2,1994
2013-013,-89.80202263,39.9324171,Quercus rubra,Quercus,rubra,,,,A7,OOOOA,5,2013
2000-039,-89.80093684,39.93417696,Quercus rubra,Quercus,rubra,"""Yates Red""",,,B4,OB,3,2000
2001-057,-89.79976187,39.93524347,Quercus rubra,Quercus,rubra,"""Yates Red""",,,D2,DD,3,2001
2008-065,-89.8016,39.93288333,Quercus serrata,Quercus,serrata,,,,B5,OOB,4,2008
2008-066,-89.80156667,39.93291667,Quercus serrata,Quercus,serrata,,,,B6,OOOB,5,2008
2005-082,-89.80142,39.93367,Quercus serrata,Quercus,serrata,,,,B5,OOB,3,2005
1997-044,-89.80107003,39.93406749,Quercus serrata,Quercus,serrata,,,,B4,OB,2,1997
2016-109,-89.801436,39.935728,Quercus serrata,Quercus,serrata,,,,Oak Street,Oak Street,6,2016
2006-070,-89.80233528,39.93314607,Quercus shumardii,Quercus,shumardii,,,,A5,OOA,6,2006
2017-029,-89.80231097,39.93228089,Quercus shumardii,Quercus,shumardii,,,,A7,OOOOA,11,2017
2005-083,-89.8022844,39.93346014,Quercus shumardii,Quercus,shumardii,,,,A5,OOA,5,2005
2012-018,-89.80223218,39.93267216,Quercus shumardii,Quercus,shumardii,"""Narrow Acorn""",,,A6,OOOA,10,2012
1981-031,-89.80222221,39.93516301,Quercus shumardii,Quercus,shumardii,,,,A2,AA,1,1981
1981-032,-89.80221123,39.93522235,Quercus shumardii,Quercus,shumardii,,,,A2,AA,2,1981
2010-118,-89.80220544,39.93262673,Quercus shumardii,Quercus,shumardii,,,,A6,OOOA,9,2010
2009-190,-89.80191667,39.93288333,Quercus shumardii,Quercus,shumardii,,,,A6,OOOA,7,2009
1999-042,-89.80087381,39.93403078,Quercus shumardii,Quercus,shumardii,,,,C4,OC,3,1999
2003-055,-89.80032806,39.93497634,Quercus shumardii,Quercus,shumardii,,,,C2,CC,4,2003
2004-059,-89.80030803,39.93481306,Quercus shumardii,Quercus,shumardii,,,,C3,C,4,2004
2017-030,-89.80238188,39.93224812,Quercus sinuata,Quercus,sinuata,,,,A7,OOOOA,4,2017
2005-085,-89.80226864,39.93327431,Quercus sinuata,Quercus,sinuata,sinuata,,,A5,OOA,3,2005
2009-191,-89.8022,39.93276667,Quercus sinuata,Quercus,sinuata,breviloba,,,A6,OOOA,2,2009
2005-084,-89.8021948,39.93328311,Quercus sinuata,Quercus,sinuata,sinuata,,,A5,OOA,2,2005
2009-192,-89.80211667,39.93275,Quercus sinuata,Quercus,sinuata,breviloba,,,A6,OOOA,3,2009
2010-120,-89.8020109,39.93269806,Quercus sinuata,Quercus,sinuata,,,,A6,OOOA,3,2010
2010-119,-89.8019021,39.93278238,Quercus sinuata,Quercus,sinuata,breviloba,,,A6,OOOA,4,2010
2016-032,-89.80184636,39.93221216,Quercus sinuata,Quercus,sinuata,breviloba,?,,A7,OOOOA,5,2016
2016-031,-89.80181434,39.93217905,Quercus sinuata,Quercus,sinuata,breviloba,?,,A7,OOOOA,5,2016
2016-033,-89.80181174,39.9322135,Quercus sinuata,Quercus,sinuata,breviloba,?,,A7,OOOOA,5,2016
2002-045,-89.80130179,39.93389692,Quercus sinuata,Quercus,sinuata,breviloba,,,B4,OB,1,2002
1994-066,-89.80228717,39.93532629,Quercus stellata,Quercus,stellata,,,,A2,AA,3,1994
2006-071,-89.80226604,39.93361915,Quercus stellata,Quercus,stellata,,,,A5,OOA,3,2006
1982-037,-89.80219035,39.93536728,Quercus stellata,Quercus,stellata,,,,A2,AA,1,1982
2015-034,-89.8019047,39.93213982,Quercus stellata,Quercus,stellata,,,,A7,OOOOA,5,2015
2014-078,-89.80182398,39.93250494,Quercus stellata,Quercus,stellata,,,,A6,OOOA,2,2014
2001-058,-89.80145191,39.93423823,Quercus stellata,Quercus,stellata,,,,B4,OB,4,2001
2003-056,-89.80032295,39.93508833,Quercus stellata,Quercus,stellata,,,,C2,CC,3,2003
1998-036,-89.80144,39.935704,Quercus tristis ,Quercus,tristis,,,,Oak Street,Oak Street,1,1998
2021-013,39.93497,-89.8003,Quercus trojana,Quercus,stellata,"""Logo""",,,,,NA,2021
1996-042,-89.80144,39.935704,Quercus trojana ,Quercus,trojana,,,,Oak Street,Oak Street,1,1996
1999-045,-89.80144,39.935704,Quercus trojana ,Quercus,trojana,,,,Oak Street,Oak Street,2,1999
2017-031,-89.80134563,39.93203078,Quercus trojana ,Quercus,trojana,,,,B7,OOOOB,3,2017
2011-065,-89.80126516,39.93401377,Quercus turbinella,Quercus,turbinella, 'Wild Dog',,,B4,OB,1,2011
1995-034,-89.80219983,39.93501725,Quercus variabilis,Quercus,variabilis,,,,A2,AA,1,1995
2010-121,-89.8014333,39.93275061,Quercus variabilis,Quercus,variabilis,,,,B6,OOOB,4,2010
2020-025,39.93193363,-89.80154025,Quercus variabilis,Quercus,variabilis,,,,,,5,
1999-046,-89.80144,39.935704,Quercus vaseyana,Quercus,vaseyana,,,,Oak Street,Oak Street,2,1999
2005-087,-89.80073333,39.9352,Quercus vaseyana,Quercus,vaseyana,,,,C2,CC,1,2005
1900-047,-89.80222472,39.9350724,Quercus velutina,Quercus,velutina,,,,A2,AA,2,spontaneous
2012-069,-89.80216546,39.93233554,Quercus velutina,Quercus,velutina, 'Oakridge Walker',,,A7,OOOOA,1,2012
2009-195,-89.80213333,39.93275,Quercus velutina,Quercus,velutina, 'Oakridge Walker',,,A6,OOOA,1,2009
2015-036,-89.80195172,39.93230461,Quercus velutina,Quercus,velutina,Oakridge Walker',,,A7,OOOOA,1,2015
1900-072,-89.80154,39.93494,Quercus velutina,Quercus,velutina,,,,B2,BB,1,spontaneous
2005-088,-89.80177511,39.93330415,Quercus virgiliana,Quercus,virgiliana,,,,A5,OOA,2,2005
2007-043,-89.80176933,39.93326275,Quercus virgiliana,Quercus,virgiliana,,,,A5,OOA,2,2007
2003-058,-89.80144763,39.93346131,Quercus virgiliana,Quercus,virgiliana,,,,B5,OOB,1,2003
2012-046,-89.80131319,39.93249337,Quercus virgiliana,Quercus,virgiliana,,,,B6,OOOB,3,2012
2004-062,-89.80144,39.935704,Quercus virginiana,Quercus,virginiana,,,,Oak Street,Oak Street,3,2004
2015-037,-89.80133255,39.93214904,Quercus vulcanica,Quercus,vulcanica,Kasnak',,,B7,OOOOB,1,2015
2020-026,-89.80155353,39.93195667,Quercus wutaishanica,Quercus,wutaishanica,,,,,,4,
2019-069,-89.80144,39.9357,Quercus yiwuensis,Quercus,yiwuensis,,,,Oak Street,Oak Street,1,2019
1999-056,-89.80144,39.935704,Quercus yunnanensis,Quercus,yunnanensis,,,,Oak Street,Oak Street,2,1999
